fecha,area,actividad,lote_id,operadores,shift
2025-09-28,Acondicionamiento,Limpieza,L-1001,2,Afternoon
2025-09-28,Acondicionamiento,Control-Materia-Prima,L-1001,2,Afternoon
2025-09-28,Molienda,Preparacion-Alimentacion-Molinos,L-1001,2,Afternoon
2025-09-28,Molienda,Molienda,L-1001,4,Afternoon
2025-09-28,Molienda,Control-Calidad-Molienda,L-1001,6,Night
2025-09-28,Envasado,Preparacion-Dosificacion,L-1001,3,Night
2025-09-29,Envasado,Sellado-Etiquetado,L-1001,1,Night
2025-10-06,Acondicionamiento,Limpieza,L-1002,4,Morning
2025-10-06,Acondicionamiento,Control-Materia-Prima,L-1002,5,Morning
2025-10-06,Molienda,Preparacion-Alimentacion-Molinos,L-1002,2,Morning
2025-10-06,Molienda,Molienda,L-1002,4,Morning
2025-10-06,Molienda,Control-Calidad-Molienda,L-1002,4,Morning
2025-10-06,Envasado,Preparacion-Dosificacion,L-1002,2,Morning
2025-10-06,Envasado,Sellado-Etiquetado,L-1002,2,Morning
2025-10-12,Acondicionamiento,Limpieza,L-1003,2,Afternoon
2025-10-12,Acondicionamiento,Control-Materia-Prima,L-1003,4,Afternoon
2025-10-12,Molienda,Preparacion-Alimentacion-Molinos,L-1003,3,Afternoon
2025-10-12,Molienda,Molienda,L-1003,6,Night
2025-10-13,Molienda,Control-Calidad-Molienda,L-1003,2,Night
2025-10-13,Envasado,Preparacion-Dosificacion,L-1003,1,Night
2025-10-13,Envasado,Sellado-Etiquetado,L-1003,2,Night
2025-10-15,Acondicionamiento,Limpieza,L-1004,3,Morning
2025-10-15,Acondicionamiento,Control-Materia-Prima,L-1004,6,Morning
2025-10-15,Molienda,Preparacion-Alimentacion-Molinos,L-1004,3,Morning
2025-10-15,Molienda,Molienda,L-1004,2,Morning
2025-10-15,Molienda,Control-Calidad-Molienda,L-1004,6,Morning
2025-10-15,Envasado,Preparacion-Dosificacion,L-1004,4,Morning
2025-10-15,Envasado,Sellado-Etiquetado,L-1004,1,Afternoon
2025-10-11,Acondicionamiento,Limpieza,L-1005,3,Night
2025-10-11,Acondicionamiento,Control-Materia-Prima,L-1005,6,Night
2025-10-12,Molienda,Preparacion-Alimentacion-Molinos,L-1005,3,Night
2025-10-12,Molienda,Molienda,L-1005,5,Night
2025-10-12,Molienda,Control-Calidad-Molienda,L-1005,6,Night
2025-10-12,Envasado,Preparacion-Dosificacion,L-1005,1,Night
2025-10-12,Envasado,Sellado-Etiquetado,L-1005,1,Night
2025-10-02,Acondicionamiento,Limpieza,L-1006,6,Night
2025-10-02,Acondicionamiento,Control-Materia-Prima,L-1006,4,Night
2025-10-02,Molienda,Preparacion-Alimentacion-Molinos,L-1006,4,Night
2025-10-02,Molienda,Molienda,L-1006,2,Night
2025-10-02,Molienda,Control-Calidad-Molienda,L-1006,3,Morning
2025-10-02,Envasado,Preparacion-Dosificacion,L-1006,1,Morning
2025-10-02,Envasado,Sellado-Etiquetado,L-1006,2,Morning
2025-09-28,Acondicionamiento,Limpieza,L-1007,4,Afternoon
2025-09-28,Acondicionamiento,Control-Materia-Prima,L-1007,5,Night
2025-09-28,Molienda,Preparacion-Alimentacion-Molinos,L-1007,6,Night
2025-09-29,Molienda,Molienda,L-1007,3,Night
2025-09-29,Molienda,Control-Calidad-Molienda,L-1007,2,Night
2025-09-29,Envasado,Preparacion-Dosificacion,L-1007,4,Night
2025-09-29,Envasado,Sellado-Etiquetado,L-1007,4,Night
2025-10-01,Acondicionamiento,Limpieza,L-1008,3,Afternoon
2025-10-01,Acondicionamiento,Control-Materia-Prima,L-1008,5,Afternoon
2025-10-01,Molienda,Preparacion-Alimentacion-Molinos,L-1008,4,Afternoon
2025-10-01,Molienda,Molienda,L-1008,6,Night
2025-10-02,Molienda,Control-Calidad-Molienda,L-1008,4,Night
2025-10-02,Envasado,Preparacion-Dosificacion,L-1008,4,Night
2025-10-02,Envasado,Sellado-Etiquetado,L-1008,2,Night
2025-10-13,Acondicionamiento,Limpieza,L-1009,4,Morning
2025-10-13,Acondicionamiento,Control-Materia-Prima,L-1009,3,Morning
2025-10-13,Molienda,Preparacion-Alimentacion-Molinos,L-1009,6,Morning
2025-10-13,Molienda,Molienda,L-1009,4,Morning
2025-10-13,Molienda,Control-Calidad-Molienda,L-1009,2,Morning
2025-10-13,Envasado,Preparacion-Dosificacion,L-1009,2,Morning
2025-10-13,Envasado,Sellado-Etiquetado,L-1009,1,Morning
2025-10-12,Acondicionamiento,Limpieza,L-1010,5,Morning
2025-10-12,Acondicionamiento,Control-Materia-Prima,L-1010,3,Morning
2025-10-12,Molienda,Preparacion-Alimentacion-Molinos,L-1010,2,Morning
2025-10-12,Molienda,Molienda,L-1010,5,Afternoon
2025-10-12,Molienda,Control-Calidad-Molienda,L-1010,5,Afternoon
2025-10-12,Envasado,Preparacion-Dosificacion,L-1010,4,Afternoon
2025-10-12,Envasado,Sellado-Etiquetado,L-1010,3,Afternoon
2025-10-18,Acondicionamiento,Limpieza,L-1011,4,Night
2025-10-18,Acondicionamiento,Control-Materia-Prima,L-1011,6,Morning
2025-10-18,Molienda,Preparacion-Alimentacion-Molinos,L-1011,5,Morning
2025-10-18,Molienda,Molienda,L-1011,6,Morning
2025-10-18,Molienda,Control-Calidad-Molienda,L-1011,3,Morning
2025-10-18,Envasado,Preparacion-Dosificacion,L-1011,1,Morning
2025-10-18,Envasado,Sellado-Etiquetado,L-1011,3,Afternoon
2025-10-10,Acondicionamiento,Limpieza,L-1012,5,Afternoon
2025-10-10,Acondicionamiento,Control-Materia-Prima,L-1012,2,Afternoon
2025-10-10,Molienda,Preparacion-Alimentacion-Molinos,L-1012,3,Night
2025-10-10,Molienda,Molienda,L-1012,6,Night
2025-10-11,Molienda,Control-Calidad-Molienda,L-1012,4,Night
2025-10-11,Envasado,Preparacion-Dosificacion,L-1012,2,Night
2025-10-11,Envasado,Sellado-Etiquetado,L-1012,3,Night
2025-10-20,Acondicionamiento,Limpieza,L-1013,2,Night
2025-10-20,Acondicionamiento,Control-Materia-Prima,L-1013,5,Night
2025-10-21,Molienda,Preparacion-Alimentacion-Molinos,L-1013,4,Night
2025-10-21,Molienda,Molienda,L-1013,6,Night
2025-10-21,Molienda,Control-Calidad-Molienda,L-1013,6,Night
2025-10-21,Envasado,Preparacion-Dosificacion,L-1013,4,Night
2025-10-21,Envasado,Sellado-Etiquetado,L-1013,2,Night
2025-10-04,Acondicionamiento,Limpieza,L-1014,5,Afternoon
2025-10-04,Acondicionamiento,Control-Materia-Prima,L-1014,5,Afternoon
2025-10-04,Molienda,Preparacion-Alimentacion-Molinos,L-1014,5,Afternoon
2025-10-04,Molienda,Molienda,L-1014,3,Afternoon
2025-10-04,Molienda,Control-Calidad-Molienda,L-1014,6,Afternoon
2025-10-04,Envasado,Preparacion-Dosificacion,L-1014,1,Afternoon
2025-10-04,Envasado,Sellado-Etiquetado,L-1014,4,Night
2025-09-24,Acondicionamiento,Limpieza,L-1015,5,Night
2025-09-24,Acondicionamiento,Control-Materia-Prima,L-1015,2,Night
2025-09-24,Molienda,Preparacion-Alimentacion-Molinos,L-1015,6,Night
2025-09-24,Molienda,Molienda,L-1015,5,Morning
2025-09-24,Molienda,Control-Calidad-Molienda,L-1015,3,Morning
2025-09-24,Envasado,Preparacion-Dosificacion,L-1015,1,Morning
2025-09-24,Envasado,Sellado-Etiquetado,L-1015,4,Morning
2025-10-04,Acondicionamiento,Limpieza,L-1016,3,Night
2025-10-04,Acondicionamiento,Control-Materia-Prima,L-1016,4,Morning
2025-10-04,Molienda,Preparacion-Alimentacion-Molinos,L-1016,4,Morning
2025-10-04,Molienda,Molienda,L-1016,4,Morning
2025-10-04,Molienda,Control-Calidad-Molienda,L-1016,6,Morning
2025-10-04,Envasado,Preparacion-Dosificacion,L-1016,4,Morning
2025-10-04,Envasado,Sellado-Etiquetado,L-1016,4,Afternoon
2025-10-15,Acondicionamiento,Limpieza,L-1017,4,Night
2025-10-15,Acondicionamiento,Control-Materia-Prima,L-1017,4,Night
2025-10-15,Molienda,Preparacion-Alimentacion-Molinos,L-1017,6,Night
2025-10-15,Molienda,Molienda,L-1017,5,Night
2025-10-15,Molienda,Control-Calidad-Molienda,L-1017,2,Morning
2025-10-15,Envasado,Preparacion-Dosificacion,L-1017,4,Morning
2025-10-15,Envasado,Sellado-Etiquetado,L-1017,3,Morning
2025-10-06,Acondicionamiento,Limpieza,L-1018,3,Night
2025-10-06,Acondicionamiento,Control-Materia-Prima,L-1018,5,Night
2025-10-06,Molienda,Preparacion-Alimentacion-Molinos,L-1018,4,Night
2025-10-06,Molienda,Molienda,L-1018,6,Night
2025-10-06,Molienda,Control-Calidad-Molienda,L-1018,3,Morning
2025-10-06,Envasado,Preparacion-Dosificacion,L-1018,4,Morning
2025-10-06,Envasado,Sellado-Etiquetado,L-1018,1,Morning
2025-10-16,Acondicionamiento,Limpieza,L-1019,2,Morning
2025-10-16,Acondicionamiento,Control-Materia-Prima,L-1019,4,Morning
2025-10-16,Molienda,Preparacion-Alimentacion-Molinos,L-1019,4,Morning
2025-10-16,Molienda,Molienda,L-1019,4,Afternoon
2025-10-16,Molienda,Control-Calidad-Molienda,L-1019,4,Afternoon
2025-10-16,Envasado,Preparacion-Dosificacion,L-1019,2,Afternoon
2025-10-16,Envasado,Sellado-Etiquetado,L-1019,2,Afternoon
2025-10-20,Acondicionamiento,Limpieza,L-1020,2,Night
2025-10-20,Acondicionamiento,Control-Materia-Prima,L-1020,4,Night
2025-10-20,Molienda,Preparacion-Alimentacion-Molinos,L-1020,5,Morning
2025-10-20,Molienda,Molienda,L-1020,5,Morning
2025-10-20,Molienda,Control-Calidad-Molienda,L-1020,6,Morning
2025-10-20,Envasado,Preparacion-Dosificacion,L-1020,2,Morning
2025-10-20,Envasado,Sellado-Etiquetado,L-1020,2,Morning
2025-09-28,Acondicionamiento,Limpieza,L-1021,2,Night
2025-09-28,Acondicionamiento,Control-Materia-Prima,L-1021,4,Night
2025-09-28,Molienda,Preparacion-Alimentacion-Molinos,L-1021,4,Night
2025-09-28,Molienda,Molienda,L-1021,3,Night
2025-09-28,Molienda,Control-Calidad-Molienda,L-1021,5,Morning
2025-09-28,Envasado,Preparacion-Dosificacion,L-1021,3,Morning
2025-09-28,Envasado,Sellado-Etiquetado,L-1021,3,Morning
2025-10-03,Acondicionamiento,Limpieza,L-1022,5,Afternoon
2025-10-03,Acondicionamiento,Control-Materia-Prima,L-1022,3,Afternoon
2025-10-03,Molienda,Preparacion-Alimentacion-Molinos,L-1022,5,Afternoon
2025-10-03,Molienda,Molienda,L-1022,4,Afternoon
2025-10-03,Molienda,Control-Calidad-Molienda,L-1022,4,Night
2025-10-03,Envasado,Preparacion-Dosificacion,L-1022,1,Night
2025-10-03,Envasado,Sellado-Etiquetado,L-1022,1,Night
2025-10-08,Acondicionamiento,Limpieza,L-1023,3,Afternoon
2025-10-08,Acondicionamiento,Control-Materia-Prima,L-1023,2,Afternoon
2025-10-08,Molienda,Preparacion-Alimentacion-Molinos,L-1023,2,Afternoon
2025-10-08,Molienda,Molienda,L-1023,3,Night
2025-10-09,Molienda,Control-Calidad-Molienda,L-1023,6,Night
2025-10-09,Envasado,Preparacion-Dosificacion,L-1023,3,Night
2025-10-09,Envasado,Sellado-Etiquetado,L-1023,4,Night
2025-09-27,Acondicionamiento,Limpieza,L-1024,6,Morning
2025-09-27,Acondicionamiento,Control-Materia-Prima,L-1024,2,Morning
2025-09-27,Molienda,Preparacion-Alimentacion-Molinos,L-1024,5,Morning
2025-09-27,Molienda,Molienda,L-1024,4,Morning
2025-09-27,Molienda,Control-Calidad-Molienda,L-1024,2,Morning
2025-09-27,Envasado,Preparacion-Dosificacion,L-1024,3,Afternoon
2025-09-27,Envasado,Sellado-Etiquetado,L-1024,1,Afternoon
2025-10-20,Acondicionamiento,Limpieza,L-1025,4,Night
2025-10-21,Acondicionamiento,Control-Materia-Prima,L-1025,5,Night
2025-10-21,Molienda,Preparacion-Alimentacion-Molinos,L-1025,4,Night
2025-10-21,Molienda,Molienda,L-1025,2,Night
2025-10-21,Molienda,Control-Calidad-Molienda,L-1025,5,Night
2025-10-21,Envasado,Preparacion-Dosificacion,L-1025,1,Morning
2025-10-21,Envasado,Sellado-Etiquetado,L-1025,4,Morning
2025-10-06,Acondicionamiento,Limpieza,L-1026,6,Night
2025-10-06,Acondicionamiento,Control-Materia-Prima,L-1026,3,Night
2025-10-06,Molienda,Preparacion-Alimentacion-Molinos,L-1026,3,Night
2025-10-06,Molienda,Molienda,L-1026,2,Night
2025-10-06,Molienda,Control-Calidad-Molienda,L-1026,6,Morning
2025-10-06,Envasado,Preparacion-Dosificacion,L-1026,4,Morning
2025-10-06,Envasado,Sellado-Etiquetado,L-1026,4,Morning
2025-10-11,Acondicionamiento,Limpieza,L-1027,6,Afternoon
2025-10-11,Acondicionamiento,Control-Materia-Prima,L-1027,3,Afternoon
2025-10-11,Molienda,Preparacion-Alimentacion-Molinos,L-1027,5,Night
2025-10-11,Molienda,Molienda,L-1027,6,Night
2025-10-12,Molienda,Control-Calidad-Molienda,L-1027,5,Night
2025-10-12,Envasado,Preparacion-Dosificacion,L-1027,3,Night
2025-10-12,Envasado,Sellado-Etiquetado,L-1027,4,Night
2025-10-20,Acondicionamiento,Limpieza,L-1028,6,Night
2025-10-20,Acondicionamiento,Control-Materia-Prima,L-1028,4,Night
2025-10-20,Molienda,Preparacion-Alimentacion-Molinos,L-1028,5,Night
2025-10-20,Molienda,Molienda,L-1028,6,Night
2025-10-20,Molienda,Control-Calidad-Molienda,L-1028,5,Morning
2025-10-20,Envasado,Preparacion-Dosificacion,L-1028,2,Morning
2025-10-20,Envasado,Sellado-Etiquetado,L-1028,1,Morning
2025-10-19,Acondicionamiento,Limpieza,L-1029,6,Night
2025-10-19,Acondicionamiento,Control-Materia-Prima,L-1029,3,Night
2025-10-19,Molienda,Preparacion-Alimentacion-Molinos,L-1029,2,Night
2025-10-19,Molienda,Molienda,L-1029,6,Night
2025-10-19,Molienda,Control-Calidad-Molienda,L-1029,5,Morning
2025-10-19,Envasado,Preparacion-Dosificacion,L-1029,3,Morning
2025-10-19,Envasado,Sellado-Etiquetado,L-1029,2,Morning
2025-10-19,Acondicionamiento,Limpieza,L-1030,6,Afternoon
2025-10-19,Acondicionamiento,Control-Materia-Prima,L-1030,4,Afternoon
2025-10-19,Molienda,Preparacion-Alimentacion-Molinos,L-1030,2,Afternoon
2025-10-19,Molienda,Molienda,L-1030,5,Afternoon
2025-10-19,Molienda,Control-Calidad-Molienda,L-1030,5,Afternoon
2025-10-19,Envasado,Preparacion-Dosificacion,L-1030,2,Afternoon
2025-10-19,Envasado,Sellado-Etiquetado,L-1030,4,Afternoon
2025-09-23,Acondicionamiento,Limpieza,L-1031,5,Afternoon
2025-09-23,Acondicionamiento,Control-Materia-Prima,L-1031,6,Afternoon
2025-09-23,Molienda,Preparacion-Alimentacion-Molinos,L-1031,3,Night
2025-09-23,Molienda,Molienda,L-1031,2,Night
2025-09-24,Molienda,Control-Calidad-Molienda,L-1031,5,Night
2025-09-24,Envasado,Preparacion-Dosificacion,L-1031,1,Night
2025-09-24,Envasado,Sellado-Etiquetado,L-1031,3,Night
2025-09-25,Acondicionamiento,Limpieza,L-1032,5,Afternoon
2025-09-25,Acondicionamiento,Control-Materia-Prima,L-1032,3,Afternoon
2025-09-25,Molienda,Preparacion-Alimentacion-Molinos,L-1032,5,Afternoon
2025-09-25,Molienda,Molienda,L-1032,4,Afternoon
2025-09-25,Molienda,Control-Calidad-Molienda,L-1032,5,Afternoon
2025-09-25,Envasado,Preparacion-Dosificacion,L-1032,4,Afternoon
2025-09-25,Envasado,Sellado-Etiquetado,L-1032,1,Night
2025-10-08,Acondicionamiento,Limpieza,L-1033,2,Morning
2025-10-08,Acondicionamiento,Control-Materia-Prima,L-1033,2,Afternoon
2025-10-08,Molienda,Preparacion-Alimentacion-Molinos,L-1033,3,Afternoon
2025-10-08,Molienda,Molienda,L-1033,2,Afternoon
2025-10-08,Molienda,Control-Calidad-Molienda,L-1033,4,Afternoon
2025-10-08,Envasado,Preparacion-Dosificacion,L-1033,4,Afternoon
2025-10-08,Envasado,Sellado-Etiquetado,L-1033,4,Afternoon
2025-09-29,Acondicionamiento,Limpieza,L-1034,2,Night
2025-09-29,Acondicionamiento,Control-Materia-Prima,L-1034,4,Morning
2025-09-29,Molienda,Preparacion-Alimentacion-Molinos,L-1034,4,Morning
2025-09-29,Molienda,Molienda,L-1034,6,Morning
2025-09-29,Molienda,Control-Calidad-Molienda,L-1034,2,Morning
2025-09-29,Envasado,Preparacion-Dosificacion,L-1034,2,Morning
2025-09-29,Envasado,Sellado-Etiquetado,L-1034,2,Morning
2025-09-29,Acondicionamiento,Limpieza,L-1035,4,Morning
2025-09-29,Acondicionamiento,Control-Materia-Prima,L-1035,2,Morning
2025-09-29,Molienda,Preparacion-Alimentacion-Molinos,L-1035,3,Morning
2025-09-29,Molienda,Molienda,L-1035,6,Afternoon
2025-09-29,Molienda,Control-Calidad-Molienda,L-1035,6,Afternoon
2025-09-29,Envasado,Preparacion-Dosificacion,L-1035,4,Afternoon
2025-09-29,Envasado,Sellado-Etiquetado,L-1035,4,Afternoon
2025-09-26,Acondicionamiento,Limpieza,L-1036,3,Morning
2025-09-26,Acondicionamiento,Control-Materia-Prima,L-1036,6,Morning
2025-09-26,Molienda,Preparacion-Alimentacion-Molinos,L-1036,3,Morning
2025-09-26,Molienda,Molienda,L-1036,4,Morning
2025-09-26,Molienda,Control-Calidad-Molienda,L-1036,5,Afternoon
2025-09-26,Envasado,Preparacion-Dosificacion,L-1036,3,Afternoon
2025-09-26,Envasado,Sellado-Etiquetado,L-1036,4,Afternoon
2025-10-18,Acondicionamiento,Limpieza,L-1037,2,Night
2025-10-18,Acondicionamiento,Control-Materia-Prima,L-1037,5,Night
2025-10-18,Molienda,Preparacion-Alimentacion-Molinos,L-1037,2,Night
2025-10-18,Molienda,Molienda,L-1037,3,Night
2025-10-18,Molienda,Control-Calidad-Molienda,L-1037,6,Morning
2025-10-18,Envasado,Preparacion-Dosificacion,L-1037,3,Morning
2025-10-18,Envasado,Sellado-Etiquetado,L-1037,4,Morning
2025-10-19,Acondicionamiento,Limpieza,L-1038,5,Night
2025-10-19,Acondicionamiento,Control-Materia-Prima,L-1038,6,Morning
2025-10-19,Molienda,Preparacion-Alimentacion-Molinos,L-1038,6,Morning
2025-10-19,Molienda,Molienda,L-1038,2,Morning
2025-10-19,Molienda,Control-Calidad-Molienda,L-1038,6,Morning
2025-10-19,Envasado,Preparacion-Dosificacion,L-1038,4,Morning
2025-10-19,Envasado,Sellado-Etiquetado,L-1038,3,Afternoon
2025-10-05,Acondicionamiento,Limpieza,L-1039,4,Afternoon
2025-10-05,Acondicionamiento,Control-Materia-Prima,L-1039,4,Afternoon
2025-10-05,Molienda,Preparacion-Alimentacion-Molinos,L-1039,5,Afternoon
2025-10-05,Molienda,Molienda,L-1039,2,Afternoon
2025-10-05,Molienda,Control-Calidad-Molienda,L-1039,6,Night
2025-10-05,Envasado,Preparacion-Dosificacion,L-1039,1,Night
2025-10-06,Envasado,Sellado-Etiquetado,L-1039,2,Night
2025-10-18,Acondicionamiento,Limpieza,L-1040,5,Afternoon
2025-10-18,Acondicionamiento,Control-Materia-Prima,L-1040,6,Afternoon
2025-10-18,Molienda,Preparacion-Alimentacion-Molinos,L-1040,3,Afternoon
2025-10-18,Molienda,Molienda,L-1040,4,Afternoon
2025-10-18,Molienda,Control-Calidad-Molienda,L-1040,4,Afternoon
2025-10-18,Envasado,Preparacion-Dosificacion,L-1040,2,Night
2025-10-18,Envasado,Sellado-Etiquetado,L-1040,2,Night
2025-10-08,Acondicionamiento,Limpieza,L-1041,5,Night
2025-10-09,Acondicionamiento,Control-Materia-Prima,L-1041,5,Night
2025-10-09,Molienda,Preparacion-Alimentacion-Molinos,L-1041,6,Night
2025-10-09,Molienda,Molienda,L-1041,2,Night
2025-10-09,Molienda,Control-Calidad-Molienda,L-1041,2,Night
2025-10-09,Envasado,Preparacion-Dosificacion,L-1041,2,Morning
2025-10-09,Envasado,Sellado-Etiquetado,L-1041,2,Morning
2025-10-04,Acondicionamiento,Limpieza,L-1042,6,Afternoon
2025-10-04,Acondicionamiento,Control-Materia-Prima,L-1042,6,Night
2025-10-04,Molienda,Preparacion-Alimentacion-Molinos,L-1042,6,Night
2025-10-05,Molienda,Molienda,L-1042,2,Night
2025-10-05,Molienda,Control-Calidad-Molienda,L-1042,2,Night
2025-10-05,Envasado,Preparacion-Dosificacion,L-1042,1,Night
2025-10-05,Envasado,Sellado-Etiquetado,L-1042,4,Night
2025-10-11,Acondicionamiento,Limpieza,L-1043,3,Night
2025-10-11,Acondicionamiento,Control-Materia-Prima,L-1043,3,Night
2025-10-11,Molienda,Preparacion-Alimentacion-Molinos,L-1043,5,Night
2025-10-11,Molienda,Molienda,L-1043,3,Night
2025-10-11,Molienda,Control-Calidad-Molienda,L-1043,3,Morning
2025-10-11,Envasado,Preparacion-Dosificacion,L-1043,1,Morning
2025-10-11,Envasado,Sellado-Etiquetado,L-1043,3,Morning
2025-10-19,Acondicionamiento,Limpieza,L-1044,4,Afternoon
2025-10-19,Acondicionamiento,Control-Materia-Prima,L-1044,3,Afternoon
2025-10-19,Molienda,Preparacion-Alimentacion-Molinos,L-1044,5,Night
2025-10-19,Molienda,Molienda,L-1044,3,Night
2025-10-20,Molienda,Control-Calidad-Molienda,L-1044,2,Night
2025-10-20,Envasado,Preparacion-Dosificacion,L-1044,1,Night
2025-10-20,Envasado,Sellado-Etiquetado,L-1044,3,Night
2025-10-21,Acondicionamiento,Limpieza,L-1045,5,Night
2025-10-21,Acondicionamiento,Control-Materia-Prima,L-1045,2,Night
2025-10-21,Molienda,Preparacion-Alimentacion-Molinos,L-1045,6,Morning
2025-10-21,Molienda,Molienda,L-1045,4,Morning
2025-10-21,Molienda,Control-Calidad-Molienda,L-1045,3,Morning
2025-10-21,Envasado,Preparacion-Dosificacion,L-1045,1,Morning
2025-10-21,Envasado,Sellado-Etiquetado,L-1045,2,Morning
2025-10-18,Acondicionamiento,Limpieza,L-1046,5,Afternoon
2025-10-18,Acondicionamiento,Control-Materia-Prima,L-1046,6,Afternoon
2025-10-18,Molienda,Preparacion-Alimentacion-Molinos,L-1046,2,Afternoon
2025-10-18,Molienda,Molienda,L-1046,5,Afternoon
2025-10-18,Molienda,Control-Calidad-Molienda,L-1046,5,Night
2025-10-18,Envasado,Preparacion-Dosificacion,L-1046,1,Night
2025-10-19,Envasado,Sellado-Etiquetado,L-1046,1,Night
2025-10-17,Acondicionamiento,Limpieza,L-1047,4,Morning
2025-10-17,Acondicionamiento,Control-Materia-Prima,L-1047,2,Morning
2025-10-17,Molienda,Preparacion-Alimentacion-Molinos,L-1047,2,Morning
2025-10-17,Molienda,Molienda,L-1047,6,Afternoon
2025-10-17,Molienda,Control-Calidad-Molienda,L-1047,6,Afternoon
2025-10-17,Envasado,Preparacion-Dosificacion,L-1047,1,Afternoon
2025-10-17,Envasado,Sellado-Etiquetado,L-1047,4,Afternoon
2025-10-07,Acondicionamiento,Limpieza,L-1048,6,Night
2025-10-07,Acondicionamiento,Control-Materia-Prima,L-1048,4,Morning
2025-10-07,Molienda,Preparacion-Alimentacion-Molinos,L-1048,6,Morning
2025-10-07,Molienda,Molienda,L-1048,4,Morning
2025-10-07,Molienda,Control-Calidad-Molienda,L-1048,2,Morning
2025-10-07,Envasado,Preparacion-Dosificacion,L-1048,2,Morning
2025-10-07,Envasado,Sellado-Etiquetado,L-1048,4,Morning
2025-10-05,Acondicionamiento,Limpieza,L-1049,2,Afternoon
2025-10-05,Acondicionamiento,Control-Materia-Prima,L-1049,2,Night
2025-10-05,Molienda,Preparacion-Alimentacion-Molinos,L-1049,6,Night
2025-10-06,Molienda,Molienda,L-1049,3,Night
2025-10-06,Molienda,Control-Calidad-Molienda,L-1049,5,Night
2025-10-06,Envasado,Preparacion-Dosificacion,L-1049,4,Night
2025-10-06,Envasado,Sellado-Etiquetado,L-1049,3,Night
2025-10-21,Acondicionamiento,Limpieza,L-1050,4,Night
2025-10-21,Acondicionamiento,Control-Materia-Prima,L-1050,5,Night
2025-10-21,Molienda,Preparacion-Alimentacion-Molinos,L-1050,6,Night
2025-10-21,Molienda,Molienda,L-1050,5,Night
2025-10-21,Molienda,Control-Calidad-Molienda,L-1050,5,Morning
2025-10-21,Envasado,Preparacion-Dosificacion,L-1050,4,Morning
2025-10-21,Envasado,Sellado-Etiquetado,L-1050,1,Morning
2025-10-04,Acondicionamiento,Limpieza,L-1051,5,Night
2025-10-04,Acondicionamiento,Control-Materia-Prima,L-1051,3,Night
2025-10-05,Molienda,Preparacion-Alimentacion-Molinos,L-1051,6,Night
2025-10-05,Molienda,Molienda,L-1051,5,Night
2025-10-05,Molienda,Control-Calidad-Molienda,L-1051,5,Night
2025-10-05,Envasado,Preparacion-Dosificacion,L-1051,3,Night
2025-10-05,Envasado,Sellado-Etiquetado,L-1051,2,Night
2025-10-01,Acondicionamiento,Limpieza,L-1052,5,Morning
2025-10-01,Acondicionamiento,Control-Materia-Prima,L-1052,6,Afternoon
2025-10-01,Molienda,Preparacion-Alimentacion-Molinos,L-1052,2,Afternoon
2025-10-01,Molienda,Molienda,L-1052,5,Afternoon
2025-10-01,Molienda,Control-Calidad-Molienda,L-1052,2,Afternoon
2025-10-01,Envasado,Preparacion-Dosificacion,L-1052,1,Afternoon
2025-10-01,Envasado,Sellado-Etiquetado,L-1052,2,Night
2025-10-11,Acondicionamiento,Limpieza,L-1053,3,Morning
2025-10-11,Acondicionamiento,Control-Materia-Prima,L-1053,6,Morning
2025-10-11,Molienda,Preparacion-Alimentacion-Molinos,L-1053,5,Morning
2025-10-11,Molienda,Molienda,L-1053,2,Morning
2025-10-11,Molienda,Control-Calidad-Molienda,L-1053,5,Morning
2025-10-11,Envasado,Preparacion-Dosificacion,L-1053,1,Afternoon
2025-10-11,Envasado,Sellado-Etiquetado,L-1053,2,Afternoon
2025-09-28,Acondicionamiento,Limpieza,L-1054,2,Morning
2025-09-28,Acondicionamiento,Control-Materia-Prima,L-1054,3,Morning
2025-09-28,Molienda,Preparacion-Alimentacion-Molinos,L-1054,5,Morning
2025-09-28,Molienda,Molienda,L-1054,6,Morning
2025-09-28,Molienda,Control-Calidad-Molienda,L-1054,6,Morning
2025-09-28,Envasado,Preparacion-Dosificacion,L-1054,2,Morning
2025-09-28,Envasado,Sellado-Etiquetado,L-1054,4,Afternoon
2025-09-30,Acondicionamiento,Limpieza,L-1055,2,Night
2025-09-30,Acondicionamiento,Control-Materia-Prima,L-1055,5,Night
2025-09-30,Molienda,Preparacion-Alimentacion-Molinos,L-1055,4,Night
2025-09-30,Molienda,Molienda,L-1055,3,Night
2025-09-30,Molienda,Control-Calidad-Molienda,L-1055,4,Morning
2025-09-30,Envasado,Preparacion-Dosificacion,L-1055,1,Morning
2025-09-30,Envasado,Sellado-Etiquetado,L-1055,2,Morning
2025-10-07,Acondicionamiento,Limpieza,L-1056,4,Morning
2025-10-07,Acondicionamiento,Control-Materia-Prima,L-1056,3,Morning
2025-10-07,Molienda,Preparacion-Alimentacion-Molinos,L-1056,3,Morning
2025-10-07,Molienda,Molienda,L-1056,3,Morning
2025-10-07,Molienda,Control-Calidad-Molienda,L-1056,4,Afternoon
2025-10-07,Envasado,Preparacion-Dosificacion,L-1056,2,Afternoon
2025-10-07,Envasado,Sellado-Etiquetado,L-1056,2,Afternoon
2025-09-30,Acondicionamiento,Limpieza,L-1057,2,Morning
2025-09-30,Acondicionamiento,Control-Materia-Prima,L-1057,3,Morning
2025-09-30,Molienda,Preparacion-Alimentacion-Molinos,L-1057,2,Afternoon
2025-09-30,Molienda,Molienda,L-1057,3,Afternoon
2025-09-30,Molienda,Control-Calidad-Molienda,L-1057,3,Afternoon
2025-09-30,Envasado,Preparacion-Dosificacion,L-1057,2,Afternoon
2025-09-30,Envasado,Sellado-Etiquetado,L-1057,1,Afternoon
2025-10-20,Acondicionamiento,Limpieza,L-1058,5,Morning
2025-10-20,Acondicionamiento,Control-Materia-Prima,L-1058,6,Morning
2025-10-20,Molienda,Preparacion-Alimentacion-Molinos,L-1058,3,Morning
2025-10-20,Molienda,Molienda,L-1058,5,Morning
2025-10-20,Molienda,Control-Calidad-Molienda,L-1058,2,Afternoon
2025-10-20,Envasado,Preparacion-Dosificacion,L-1058,1,Afternoon
2025-10-20,Envasado,Sellado-Etiquetado,L-1058,3,Afternoon
2025-10-10,Acondicionamiento,Limpieza,L-1059,6,Morning
2025-10-10,Acondicionamiento,Control-Materia-Prima,L-1059,6,Afternoon
2025-10-10,Molienda,Preparacion-Alimentacion-Molinos,L-1059,2,Afternoon
2025-10-10,Molienda,Molienda,L-1059,4,Afternoon
2025-10-10,Molienda,Control-Calidad-Molienda,L-1059,5,Afternoon
2025-10-10,Envasado,Preparacion-Dosificacion,L-1059,1,Afternoon
2025-10-10,Envasado,Sellado-Etiquetado,L-1059,4,Night
2025-10-14,Acondicionamiento,Limpieza,L-1060,5,Afternoon
2025-10-14,Acondicionamiento,Control-Materia-Prima,L-1060,5,Afternoon
2025-10-14,Molienda,Preparacion-Alimentacion-Molinos,L-1060,3,Afternoon
2025-10-14,Molienda,Molienda,L-1060,5,Afternoon
2025-10-15,Molienda,Control-Calidad-Molienda,L-1060,5,Night
2025-10-15,Envasado,Preparacion-Dosificacion,L-1060,4,Night
2025-10-15,Envasado,Sellado-Etiquetado,L-1060,2,Night
2025-10-11,Acondicionamiento,Limpieza,L-1061,4,Morning
2025-10-11,Acondicionamiento,Control-Materia-Prima,L-1061,3,Afternoon
2025-10-11,Molienda,Preparacion-Alimentacion-Molinos,L-1061,4,Afternoon
2025-10-11,Molienda,Molienda,L-1061,5,Afternoon
2025-10-11,Molienda,Control-Calidad-Molienda,L-1061,3,Afternoon
2025-10-11,Envasado,Preparacion-Dosificacion,L-1061,4,Afternoon
2025-10-11,Envasado,Sellado-Etiquetado,L-1061,2,Afternoon
2025-10-14,Acondicionamiento,Limpieza,L-1062,3,Afternoon
2025-10-14,Acondicionamiento,Control-Materia-Prima,L-1062,2,Afternoon
2025-10-14,Molienda,Preparacion-Alimentacion-Molinos,L-1062,2,Afternoon
2025-10-14,Molienda,Molienda,L-1062,5,Afternoon
2025-10-14,Molienda,Control-Calidad-Molienda,L-1062,3,Afternoon
2025-10-14,Envasado,Preparacion-Dosificacion,L-1062,4,Afternoon
2025-10-14,Envasado,Sellado-Etiquetado,L-1062,2,Night
2025-10-18,Acondicionamiento,Limpieza,L-1063,6,Morning
2025-10-18,Acondicionamiento,Control-Materia-Prima,L-1063,2,Morning
2025-10-18,Molienda,Preparacion-Alimentacion-Molinos,L-1063,3,Morning
2025-10-18,Molienda,Molienda,L-1063,2,Morning
2025-10-18,Molienda,Control-Calidad-Molienda,L-1063,3,Afternoon
2025-10-18,Envasado,Preparacion-Dosificacion,L-1063,1,Afternoon
2025-10-18,Envasado,Sellado-Etiquetado,L-1063,4,Afternoon
2025-10-07,Acondicionamiento,Limpieza,L-1064,2,Afternoon
2025-10-07,Acondicionamiento,Control-Materia-Prima,L-1064,4,Afternoon
2025-10-07,Molienda,Preparacion-Alimentacion-Molinos,L-1064,6,Afternoon
2025-10-07,Molienda,Molienda,L-1064,4,Afternoon
2025-10-07,Molienda,Control-Calidad-Molienda,L-1064,5,Afternoon
2025-10-07,Envasado,Preparacion-Dosificacion,L-1064,2,Night
2025-10-07,Envasado,Sellado-Etiquetado,L-1064,4,Night
2025-10-19,Acondicionamiento,Limpieza,L-1065,5,Morning
2025-10-19,Acondicionamiento,Control-Materia-Prima,L-1065,2,Morning
2025-10-19,Molienda,Preparacion-Alimentacion-Molinos,L-1065,2,Morning
2025-10-19,Molienda,Molienda,L-1065,3,Afternoon
2025-10-19,Molienda,Control-Calidad-Molienda,L-1065,3,Afternoon
2025-10-19,Envasado,Preparacion-Dosificacion,L-1065,1,Afternoon
2025-10-19,Envasado,Sellado-Etiquetado,L-1065,4,Afternoon
2025-09-25,Acondicionamiento,Limpieza,L-1066,2,Night
2025-09-25,Acondicionamiento,Control-Materia-Prima,L-1066,4,Night
2025-09-25,Molienda,Preparacion-Alimentacion-Molinos,L-1066,3,Night
2025-09-25,Molienda,Molienda,L-1066,2,Night
2025-09-25,Molienda,Control-Calidad-Molienda,L-1066,4,Night
2025-09-25,Envasado,Preparacion-Dosificacion,L-1066,4,Morning
2025-09-25,Envasado,Sellado-Etiquetado,L-1066,3,Morning
2025-09-26,Acondicionamiento,Limpieza,L-1067,6,Morning
2025-09-26,Acondicionamiento,Control-Materia-Prima,L-1067,6,Morning
2025-09-26,Molienda,Preparacion-Alimentacion-Molinos,L-1067,2,Morning
2025-09-26,Molienda,Molienda,L-1067,3,Morning
2025-09-26,Molienda,Control-Calidad-Molienda,L-1067,2,Afternoon
2025-09-26,Envasado,Preparacion-Dosificacion,L-1067,2,Afternoon
2025-09-26,Envasado,Sellado-Etiquetado,L-1067,3,Afternoon
2025-10-06,Acondicionamiento,Limpieza,L-1068,5,Night
2025-10-06,Acondicionamiento,Control-Materia-Prima,L-1068,6,Night
2025-10-06,Molienda,Preparacion-Alimentacion-Molinos,L-1068,5,Morning
2025-10-06,Molienda,Molienda,L-1068,6,Morning
2025-10-06,Molienda,Control-Calidad-Molienda,L-1068,3,Morning
2025-10-06,Envasado,Preparacion-Dosificacion,L-1068,3,Morning
2025-10-06,Envasado,Sellado-Etiquetado,L-1068,2,Morning
2025-10-13,Acondicionamiento,Limpieza,L-1069,5,Afternoon
2025-10-13,Acondicionamiento,Control-Materia-Prima,L-1069,3,Afternoon
2025-10-13,Molienda,Preparacion-Alimentacion-Molinos,L-1069,3,Afternoon
2025-10-14,Molienda,Molienda,L-1069,3,Night
2025-10-14,Molienda,Control-Calidad-Molienda,L-1069,5,Night
2025-10-14,Envasado,Preparacion-Dosificacion,L-1069,3,Night
2025-10-14,Envasado,Sellado-Etiquetado,L-1069,2,Night
2025-10-03,Acondicionamiento,Limpieza,L-1070,2,Afternoon
2025-10-03,Acondicionamiento,Control-Materia-Prima,L-1070,2,Afternoon
2025-10-03,Molienda,Preparacion-Alimentacion-Molinos,L-1070,4,Afternoon
2025-10-03,Molienda,Molienda,L-1070,6,Afternoon
2025-10-03,Molienda,Control-Calidad-Molienda,L-1070,4,Night
2025-10-04,Envasado,Preparacion-Dosificacion,L-1070,3,Night
2025-10-04,Envasado,Sellado-Etiquetado,L-1070,2,Night
2025-10-17,Acondicionamiento,Limpieza,L-1071,3,Night
2025-10-17,Acondicionamiento,Control-Materia-Prima,L-1071,5,Night
2025-10-17,Molienda,Preparacion-Alimentacion-Molinos,L-1071,6,Morning
2025-10-17,Molienda,Molienda,L-1071,3,Morning
2025-10-17,Molienda,Control-Calidad-Molienda,L-1071,6,Morning
2025-10-17,Envasado,Preparacion-Dosificacion,L-1071,2,Morning
2025-10-17,Envasado,Sellado-Etiquetado,L-1071,4,Morning
2025-09-28,Acondicionamiento,Limpieza,L-1072,2,Night
2025-09-29,Acondicionamiento,Control-Materia-Prima,L-1072,3,Night
2025-09-29,Molienda,Preparacion-Alimentacion-Molinos,L-1072,5,Night
2025-09-29,Molienda,Molienda,L-1072,2,Night
2025-09-29,Molienda,Control-Calidad-Molienda,L-1072,3,Night
2025-09-29,Envasado,Preparacion-Dosificacion,L-1072,4,Night
2025-09-29,Envasado,Sellado-Etiquetado,L-1072,3,Night
2025-10-17,Acondicionamiento,Limpieza,L-1073,3,Afternoon
2025-10-17,Acondicionamiento,Control-Materia-Prima,L-1073,4,Afternoon
2025-10-17,Molienda,Preparacion-Alimentacion-Molinos,L-1073,5,Afternoon
2025-10-17,Molienda,Molienda,L-1073,2,Afternoon
2025-10-17,Molienda,Control-Calidad-Molienda,L-1073,2,Night
2025-10-18,Envasado,Preparacion-Dosificacion,L-1073,1,Night
2025-10-18,Envasado,Sellado-Etiquetado,L-1073,3,Night
2025-09-30,Acondicionamiento,Limpieza,L-1074,6,Afternoon
2025-09-30,Acondicionamiento,Control-Materia-Prima,L-1074,4,Afternoon
2025-09-30,Molienda,Preparacion-Alimentacion-Molinos,L-1074,6,Afternoon
2025-09-30,Molienda,Molienda,L-1074,5,Afternoon
2025-09-30,Molienda,Control-Calidad-Molienda,L-1074,6,Afternoon
2025-09-30,Envasado,Preparacion-Dosificacion,L-1074,2,Afternoon
2025-09-30,Envasado,Sellado-Etiquetado,L-1074,2,Afternoon
2025-09-25,Acondicionamiento,Limpieza,L-1075,2,Morning
2025-09-25,Acondicionamiento,Control-Materia-Prima,L-1075,5,Morning
2025-09-25,Molienda,Preparacion-Alimentacion-Molinos,L-1075,5,Morning
2025-09-25,Molienda,Molienda,L-1075,3,Morning
2025-09-25,Molienda,Control-Calidad-Molienda,L-1075,5,Afternoon
2025-09-25,Envasado,Preparacion-Dosificacion,L-1075,1,Afternoon
2025-09-25,Envasado,Sellado-Etiquetado,L-1075,4,Afternoon
2025-09-25,Acondicionamiento,Limpieza,L-1076,6,Afternoon
2025-09-25,Acondicionamiento,Control-Materia-Prima,L-1076,2,Afternoon
2025-09-25,Molienda,Preparacion-Alimentacion-Molinos,L-1076,5,Afternoon
2025-09-25,Molienda,Molienda,L-1076,5,Afternoon
2025-09-25,Molienda,Control-Calidad-Molienda,L-1076,4,Night
2025-09-26,Envasado,Preparacion-Dosificacion,L-1076,4,Night
2025-09-26,Envasado,Sellado-Etiquetado,L-1076,1,Night
2025-10-11,Acondicionamiento,Limpieza,L-1077,4,Night
2025-10-12,Acondicionamiento,Control-Materia-Prima,L-1077,2,Night
2025-10-12,Molienda,Preparacion-Alimentacion-Molinos,L-1077,5,Night
2025-10-12,Molienda,Molienda,L-1077,4,Night
2025-10-12,Molienda,Control-Calidad-Molienda,L-1077,5,Night
2025-10-12,Envasado,Preparacion-Dosificacion,L-1077,2,Morning
2025-10-12,Envasado,Sellado-Etiquetado,L-1077,1,Morning
2025-10-14,Acondicionamiento,Limpieza,L-1078,2,Night
2025-10-14,Acondicionamiento,Control-Materia-Prima,L-1078,3,Night
2025-10-14,Molienda,Preparacion-Alimentacion-Molinos,L-1078,6,Night
2025-10-14,Molienda,Molienda,L-1078,4,Morning
2025-10-14,Molienda,Control-Calidad-Molienda,L-1078,5,Morning
2025-10-14,Envasado,Preparacion-Dosificacion,L-1078,2,Morning
2025-10-14,Envasado,Sellado-Etiquetado,L-1078,2,Morning
2025-10-01,Acondicionamiento,Limpieza,L-1079,6,Afternoon
2025-10-01,Acondicionamiento,Control-Materia-Prima,L-1079,5,Afternoon
2025-10-01,Molienda,Preparacion-Alimentacion-Molinos,L-1079,3,Afternoon
2025-10-01,Molienda,Molienda,L-1079,3,Afternoon
2025-10-01,Molienda,Control-Calidad-Molienda,L-1079,3,Night
2025-10-02,Envasado,Preparacion-Dosificacion,L-1079,3,Night
2025-10-02,Envasado,Sellado-Etiquetado,L-1079,1,Night
2025-10-05,Acondicionamiento,Limpieza,L-1080,3,Night
2025-10-05,Acondicionamiento,Control-Materia-Prima,L-1080,3,Night
2025-10-05,Molienda,Preparacion-Alimentacion-Molinos,L-1080,6,Night
2025-10-05,Molienda,Molienda,L-1080,4,Night
2025-10-05,Molienda,Control-Calidad-Molienda,L-1080,2,Morning
2025-10-05,Envasado,Preparacion-Dosificacion,L-1080,3,Morning
2025-10-05,Envasado,Sellado-Etiquetado,L-1080,4,Morning
2025-10-18,Acondicionamiento,Limpieza,L-1081,6,Night
2025-10-18,Acondicionamiento,Control-Materia-Prima,L-1081,2,Night
2025-10-18,Molienda,Preparacion-Alimentacion-Molinos,L-1081,2,Night
2025-10-18,Molienda,Molienda,L-1081,4,Night
2025-10-18,Molienda,Control-Calidad-Molienda,L-1081,2,Morning
2025-10-18,Envasado,Preparacion-Dosificacion,L-1081,2,Morning
2025-10-18,Envasado,Sellado-Etiquetado,L-1081,4,Morning
2025-09-26,Acondicionamiento,Limpieza,L-1082,2,Afternoon
2025-09-26,Acondicionamiento,Control-Materia-Prima,L-1082,5,Night
2025-09-26,Molienda,Preparacion-Alimentacion-Molinos,L-1082,6,Night
2025-09-27,Molienda,Molienda,L-1082,4,Night
2025-09-27,Molienda,Control-Calidad-Molienda,L-1082,2,Night
2025-09-27,Envasado,Preparacion-Dosificacion,L-1082,2,Night
2025-09-27,Envasado,Sellado-Etiquetado,L-1082,3,Night
2025-10-18,Acondicionamiento,Limpieza,L-1083,2,Afternoon
2025-10-18,Acondicionamiento,Control-Materia-Prima,L-1083,6,Afternoon
2025-10-18,Molienda,Preparacion-Alimentacion-Molinos,L-1083,2,Afternoon
2025-10-18,Molienda,Molienda,L-1083,2,Night
2025-10-19,Molienda,Control-Calidad-Molienda,L-1083,3,Night
2025-10-19,Envasado,Preparacion-Dosificacion,L-1083,3,Night
2025-10-19,Envasado,Sellado-Etiquetado,L-1083,2,Night
2025-10-07,Acondicionamiento,Limpieza,L-1084,4,Afternoon
2025-10-07,Acondicionamiento,Control-Materia-Prima,L-1084,2,Afternoon
2025-10-07,Molienda,Preparacion-Alimentacion-Molinos,L-1084,6,Night
2025-10-07,Molienda,Molienda,L-1084,6,Night
2025-10-08,Molienda,Control-Calidad-Molienda,L-1084,5,Night
2025-10-08,Envasado,Preparacion-Dosificacion,L-1084,4,Night
2025-10-08,Envasado,Sellado-Etiquetado,L-1084,2,Night
2025-10-17,Acondicionamiento,Limpieza,L-1085,5,Night
2025-10-17,Acondicionamiento,Control-Materia-Prima,L-1085,3,Night
2025-10-17,Molienda,Preparacion-Alimentacion-Molinos,L-1085,2,Night
2025-10-17,Molienda,Molienda,L-1085,4,Night
2025-10-17,Molienda,Control-Calidad-Molienda,L-1085,6,Night
2025-10-17,Envasado,Preparacion-Dosificacion,L-1085,3,Morning
2025-10-17,Envasado,Sellado-Etiquetado,L-1085,3,Morning
2025-09-30,Acondicionamiento,Limpieza,L-1086,3,Morning
2025-09-30,Acondicionamiento,Control-Materia-Prima,L-1086,5,Morning
2025-09-30,Molienda,Preparacion-Alimentacion-Molinos,L-1086,6,Morning
2025-09-30,Molienda,Molienda,L-1086,6,Morning
2025-09-30,Molienda,Control-Calidad-Molienda,L-1086,2,Afternoon
2025-09-30,Envasado,Preparacion-Dosificacion,L-1086,2,Afternoon
2025-09-30,Envasado,Sellado-Etiquetado,L-1086,4,Afternoon
2025-10-20,Acondicionamiento,Limpieza,L-1087,5,Morning
2025-10-20,Acondicionamiento,Control-Materia-Prima,L-1087,2,Morning
2025-10-20,Molienda,Preparacion-Alimentacion-Molinos,L-1087,2,Afternoon
2025-10-20,Molienda,Molienda,L-1087,6,Afternoon
2025-10-20,Molienda,Control-Calidad-Molienda,L-1087,6,Afternoon
2025-10-20,Envasado,Preparacion-Dosificacion,L-1087,1,Afternoon
2025-10-20,Envasado,Sellado-Etiquetado,L-1087,1,Afternoon
2025-10-02,Acondicionamiento,Limpieza,L-1088,6,Night
2025-10-03,Acondicionamiento,Control-Materia-Prima,L-1088,3,Night
2025-10-03,Molienda,Preparacion-Alimentacion-Molinos,L-1088,5,Night
2025-10-03,Molienda,Molienda,L-1088,2,Night
2025-10-03,Molienda,Control-Calidad-Molienda,L-1088,6,Night
2025-10-03,Envasado,Preparacion-Dosificacion,L-1088,1,Morning
2025-10-03,Envasado,Sellado-Etiquetado,L-1088,1,Morning
2025-10-03,Acondicionamiento,Limpieza,L-1089,4,Afternoon
2025-10-03,Acondicionamiento,Control-Materia-Prima,L-1089,5,Afternoon
2025-10-03,Molienda,Preparacion-Alimentacion-Molinos,L-1089,6,Afternoon
2025-10-03,Molienda,Molienda,L-1089,2,Afternoon
2025-10-03,Molienda,Control-Calidad-Molienda,L-1089,2,Night
2025-10-04,Envasado,Preparacion-Dosificacion,L-1089,3,Night
2025-10-04,Envasado,Sellado-Etiquetado,L-1089,3,Night
2025-10-12,Acondicionamiento,Limpieza,L-1090,2,Night
2025-10-12,Acondicionamiento,Control-Materia-Prima,L-1090,5,Night
2025-10-12,Molienda,Preparacion-Alimentacion-Molinos,L-1090,5,Morning
2025-10-12,Molienda,Molienda,L-1090,3,Morning
2025-10-12,Molienda,Control-Calidad-Molienda,L-1090,4,Morning
2025-10-12,Envasado,Preparacion-Dosificacion,L-1090,2,Morning
2025-10-12,Envasado,Sellado-Etiquetado,L-1090,4,Morning
2025-10-02,Acondicionamiento,Limpieza,L-1091,4,Afternoon
2025-10-02,Acondicionamiento,Control-Materia-Prima,L-1091,5,Afternoon
2025-10-02,Molienda,Preparacion-Alimentacion-Molinos,L-1091,6,Afternoon
2025-10-02,Molienda,Molienda,L-1091,5,Afternoon
2025-10-02,Molienda,Control-Calidad-Molienda,L-1091,3,Night
2025-10-03,Envasado,Preparacion-Dosificacion,L-1091,1,Night
2025-10-03,Envasado,Sellado-Etiquetado,L-1091,2,Night
2025-10-15,Acondicionamiento,Limpieza,L-1092,5,Night
2025-10-15,Acondicionamiento,Control-Materia-Prima,L-1092,3,Night
2025-10-15,Molienda,Preparacion-Alimentacion-Molinos,L-1092,5,Night
2025-10-15,Molienda,Molienda,L-1092,6,Night
2025-10-15,Molienda,Control-Calidad-Molienda,L-1092,6,Morning
2025-10-15,Envasado,Preparacion-Dosificacion,L-1092,4,Morning
2025-10-15,Envasado,Sellado-Etiquetado,L-1092,3,Morning
2025-09-24,Acondicionamiento,Limpieza,L-1093,6,Morning
2025-09-24,Acondicionamiento,Control-Materia-Prima,L-1093,5,Morning
2025-09-24,Molienda,Preparacion-Alimentacion-Molinos,L-1093,4,Morning
2025-09-24,Molienda,Molienda,L-1093,3,Afternoon
2025-09-24,Molienda,Control-Calidad-Molienda,L-1093,5,Afternoon
2025-09-24,Envasado,Preparacion-Dosificacion,L-1093,4,Afternoon
2025-09-24,Envasado,Sellado-Etiquetado,L-1093,1,Afternoon
2025-10-01,Acondicionamiento,Limpieza,L-1094,2,Night
2025-10-01,Acondicionamiento,Control-Materia-Prima,L-1094,5,Night
2025-10-01,Molienda,Preparacion-Alimentacion-Molinos,L-1094,6,Morning
2025-10-01,Molienda,Molienda,L-1094,6,Morning
2025-10-01,Molienda,Control-Calidad-Molienda,L-1094,6,Morning
2025-10-01,Envasado,Preparacion-Dosificacion,L-1094,3,Morning
2025-10-01,Envasado,Sellado-Etiquetado,L-1094,3,Morning
2025-10-07,Acondicionamiento,Limpieza,L-1095,5,Morning
2025-10-07,Acondicionamiento,Control-Materia-Prima,L-1095,3,Morning
2025-10-07,Molienda,Preparacion-Alimentacion-Molinos,L-1095,5,Morning
2025-10-07,Molienda,Molienda,L-1095,6,Afternoon
2025-10-07,Molienda,Control-Calidad-Molienda,L-1095,2,Afternoon
2025-10-07,Envasado,Preparacion-Dosificacion,L-1095,4,Afternoon
2025-10-07,Envasado,Sellado-Etiquetado,L-1095,2,Afternoon
2025-10-13,Acondicionamiento,Limpieza,L-1096,4,Morning
2025-10-13,Acondicionamiento,Control-Materia-Prima,L-1096,3,Afternoon
2025-10-13,Molienda,Preparacion-Alimentacion-Molinos,L-1096,4,Afternoon
2025-10-13,Molienda,Molienda,L-1096,3,Afternoon
2025-10-13,Molienda,Control-Calidad-Molienda,L-1096,3,Afternoon
2025-10-13,Envasado,Preparacion-Dosificacion,L-1096,1,Afternoon
2025-10-13,Envasado,Sellado-Etiquetado,L-1096,2,Afternoon
2025-10-04,Acondicionamiento,Limpieza,L-1097,2,Morning
2025-10-04,Acondicionamiento,Control-Materia-Prima,L-1097,2,Morning
2025-10-04,Molienda,Preparacion-Alimentacion-Molinos,L-1097,2,Morning
2025-10-04,Molienda,Molienda,L-1097,3,Morning
2025-10-04,Molienda,Control-Calidad-Molienda,L-1097,5,Morning
2025-10-04,Envasado,Preparacion-Dosificacion,L-1097,3,Afternoon
2025-10-04,Envasado,Sellado-Etiquetado,L-1097,2,Afternoon
2025-10-17,Acondicionamiento,Limpieza,L-1098,2,Afternoon
2025-10-17,Acondicionamiento,Control-Materia-Prima,L-1098,3,Afternoon
2025-10-17,Molienda,Preparacion-Alimentacion-Molinos,L-1098,6,Afternoon
2025-10-17,Molienda,Molienda,L-1098,6,Night
2025-10-18,Molienda,Control-Calidad-Molienda,L-1098,3,Night
2025-10-18,Envasado,Preparacion-Dosificacion,L-1098,3,Night
2025-10-18,Envasado,Sellado-Etiquetado,L-1098,2,Night
2025-10-15,Acondicionamiento,Limpieza,L-1099,5,Night
2025-10-16,Acondicionamiento,Control-Materia-Prima,L-1099,2,Night
2025-10-16,Molienda,Preparacion-Alimentacion-Molinos,L-1099,6,Night
2025-10-16,Molienda,Molienda,L-1099,3,Night
2025-10-16,Molienda,Control-Calidad-Molienda,L-1099,5,Morning
2025-10-16,Envasado,Preparacion-Dosificacion,L-1099,2,Morning
2025-10-16,Envasado,Sellado-Etiquetado,L-1099,3,Morning
2025-10-13,Acondicionamiento,Limpieza,L-1100,5,Night
2025-10-13,Acondicionamiento,Control-Materia-Prima,L-1100,6,Morning
2025-10-13,Molienda,Preparacion-Alimentacion-Molinos,L-1100,3,Morning
2025-10-13,Molienda,Molienda,L-1100,6,Morning
2025-10-13,Molienda,Control-Calidad-Molienda,L-1100,3,Morning
2025-10-13,Envasado,Preparacion-Dosificacion,L-1100,2,Morning
2025-10-13,Envasado,Sellado-Etiquetado,L-1100,1,Morning
2025-10-07,Acondicionamiento,Limpieza,L-1101,5,Morning
2025-10-07,Acondicionamiento,Control-Materia-Prima,L-1101,6,Morning
2025-10-07,Molienda,Preparacion-Alimentacion-Molinos,L-1101,4,Morning
2025-10-07,Molienda,Molienda,L-1101,5,Morning
2025-10-07,Molienda,Control-Calidad-Molienda,L-1101,2,Morning
2025-10-07,Envasado,Preparacion-Dosificacion,L-1101,4,Morning
2025-10-07,Envasado,Sellado-Etiquetado,L-1101,2,Afternoon
2025-09-26,Acondicionamiento,Limpieza,L-1102,2,Afternoon
2025-09-26,Acondicionamiento,Control-Materia-Prima,L-1102,3,Night
2025-09-26,Molienda,Preparacion-Alimentacion-Molinos,L-1102,2,Night
2025-09-27,Molienda,Molienda,L-1102,3,Night
2025-09-27,Molienda,Control-Calidad-Molienda,L-1102,5,Night
2025-09-27,Envasado,Preparacion-Dosificacion,L-1102,4,Night
2025-09-27,Envasado,Sellado-Etiquetado,L-1102,2,Morning
2025-10-06,Acondicionamiento,Limpieza,L-1103,4,Morning
2025-10-06,Acondicionamiento,Control-Materia-Prima,L-1103,5,Afternoon
2025-10-06,Molienda,Preparacion-Alimentacion-Molinos,L-1103,6,Afternoon
2025-10-06,Molienda,Molienda,L-1103,4,Afternoon
2025-10-06,Molienda,Control-Calidad-Molienda,L-1103,6,Afternoon
2025-10-06,Envasado,Preparacion-Dosificacion,L-1103,1,Afternoon
2025-10-06,Envasado,Sellado-Etiquetado,L-1103,2,Night
2025-10-04,Acondicionamiento,Limpieza,L-1104,5,Morning
2025-10-04,Acondicionamiento,Control-Materia-Prima,L-1104,6,Afternoon
2025-10-04,Molienda,Preparacion-Alimentacion-Molinos,L-1104,6,Afternoon
2025-10-04,Molienda,Molienda,L-1104,2,Afternoon
2025-10-04,Molienda,Control-Calidad-Molienda,L-1104,4,Afternoon
2025-10-04,Envasado,Preparacion-Dosificacion,L-1104,2,Afternoon
2025-10-04,Envasado,Sellado-Etiquetado,L-1104,4,Afternoon
2025-10-16,Acondicionamiento,Limpieza,L-1105,3,Morning
2025-10-16,Acondicionamiento,Control-Materia-Prima,L-1105,5,Morning
2025-10-16,Molienda,Preparacion-Alimentacion-Molinos,L-1105,6,Morning
2025-10-16,Molienda,Molienda,L-1105,2,Afternoon
2025-10-16,Molienda,Control-Calidad-Molienda,L-1105,6,Afternoon
2025-10-16,Envasado,Preparacion-Dosificacion,L-1105,1,Afternoon
2025-10-16,Envasado,Sellado-Etiquetado,L-1105,1,Afternoon
2025-10-06,Acondicionamiento,Limpieza,L-1106,3,Afternoon
2025-10-06,Acondicionamiento,Control-Materia-Prima,L-1106,2,Afternoon
2025-10-06,Molienda,Preparacion-Alimentacion-Molinos,L-1106,6,Night
2025-10-06,Molienda,Molienda,L-1106,5,Night
2025-10-07,Molienda,Control-Calidad-Molienda,L-1106,2,Night
2025-10-07,Envasado,Preparacion-Dosificacion,L-1106,2,Night
2025-10-07,Envasado,Sellado-Etiquetado,L-1106,2,Night
2025-09-30,Acondicionamiento,Limpieza,L-1107,3,Night
2025-09-30,Acondicionamiento,Control-Materia-Prima,L-1107,5,Night
2025-09-30,Molienda,Preparacion-Alimentacion-Molinos,L-1107,5,Morning
2025-09-30,Molienda,Molienda,L-1107,6,Morning
2025-09-30,Molienda,Control-Calidad-Molienda,L-1107,6,Morning
2025-09-30,Envasado,Preparacion-Dosificacion,L-1107,2,Morning
2025-09-30,Envasado,Sellado-Etiquetado,L-1107,4,Afternoon
2025-10-19,Acondicionamiento,Limpieza,L-1108,5,Night
2025-10-20,Acondicionamiento,Control-Materia-Prima,L-1108,4,Night
2025-10-20,Molienda,Preparacion-Alimentacion-Molinos,L-1108,2,Night
2025-10-20,Molienda,Molienda,L-1108,4,Night
2025-10-20,Molienda,Control-Calidad-Molienda,L-1108,4,Night
2025-10-20,Envasado,Preparacion-Dosificacion,L-1108,2,Morning
2025-10-20,Envasado,Sellado-Etiquetado,L-1108,1,Morning
2025-10-03,Acondicionamiento,Limpieza,L-1109,2,Night
2025-10-03,Acondicionamiento,Control-Materia-Prima,L-1109,6,Night
2025-10-03,Molienda,Preparacion-Alimentacion-Molinos,L-1109,2,Night
2025-10-03,Molienda,Molienda,L-1109,5,Night
2025-10-03,Molienda,Control-Calidad-Molienda,L-1109,5,Morning
2025-10-03,Envasado,Preparacion-Dosificacion,L-1109,3,Morning
2025-10-03,Envasado,Sellado-Etiquetado,L-1109,2,Morning
2025-09-25,Acondicionamiento,Limpieza,L-1110,6,Night
2025-09-25,Acondicionamiento,Control-Materia-Prima,L-1110,4,Night
2025-09-25,Molienda,Preparacion-Alimentacion-Molinos,L-1110,4,Night
2025-09-25,Molienda,Molienda,L-1110,6,Night
2025-09-25,Molienda,Control-Calidad-Molienda,L-1110,5,Night
2025-09-25,Envasado,Preparacion-Dosificacion,L-1110,2,Morning
2025-09-25,Envasado,Sellado-Etiquetado,L-1110,1,Morning
2025-09-25,Acondicionamiento,Limpieza,L-1111,4,Afternoon
2025-09-25,Acondicionamiento,Control-Materia-Prima,L-1111,3,Afternoon
2025-09-25,Molienda,Preparacion-Alimentacion-Molinos,L-1111,2,Afternoon
2025-09-25,Molienda,Molienda,L-1111,4,Afternoon
2025-09-25,Molienda,Control-Calidad-Molienda,L-1111,6,Afternoon
2025-09-25,Envasado,Preparacion-Dosificacion,L-1111,4,Afternoon
2025-09-25,Envasado,Sellado-Etiquetado,L-1111,4,Afternoon
2025-10-09,Acondicionamiento,Limpieza,L-1112,6,Afternoon
2025-10-09,Acondicionamiento,Control-Materia-Prima,L-1112,5,Afternoon
2025-10-09,Molienda,Preparacion-Alimentacion-Molinos,L-1112,3,Afternoon
2025-10-09,Molienda,Molienda,L-1112,4,Afternoon
2025-10-10,Molienda,Control-Calidad-Molienda,L-1112,2,Night
2025-10-10,Envasado,Preparacion-Dosificacion,L-1112,4,Night
2025-10-10,Envasado,Sellado-Etiquetado,L-1112,3,Night
2025-10-14,Acondicionamiento,Limpieza,L-1113,4,Afternoon
2025-10-14,Acondicionamiento,Control-Materia-Prima,L-1113,4,Afternoon
2025-10-14,Molienda,Preparacion-Alimentacion-Molinos,L-1113,2,Afternoon
2025-10-14,Molienda,Molienda,L-1113,4,Afternoon
2025-10-14,Molienda,Control-Calidad-Molienda,L-1113,2,Afternoon
2025-10-14,Envasado,Preparacion-Dosificacion,L-1113,1,Afternoon
2025-10-14,Envasado,Sellado-Etiquetado,L-1113,3,Afternoon
2025-10-19,Acondicionamiento,Limpieza,L-1114,4,Morning
2025-10-19,Acondicionamiento,Control-Materia-Prima,L-1114,6,Afternoon
2025-10-19,Molienda,Preparacion-Alimentacion-Molinos,L-1114,4,Afternoon
2025-10-19,Molienda,Molienda,L-1114,5,Afternoon
2025-10-19,Molienda,Control-Calidad-Molienda,L-1114,4,Afternoon
2025-10-19,Envasado,Preparacion-Dosificacion,L-1114,4,Afternoon
2025-10-19,Envasado,Sellado-Etiquetado,L-1114,4,Night
2025-10-14,Acondicionamiento,Limpieza,L-1115,5,Morning
2025-10-14,Acondicionamiento,Control-Materia-Prima,L-1115,3,Morning
2025-10-14,Molienda,Preparacion-Alimentacion-Molinos,L-1115,4,Morning
2025-10-14,Molienda,Molienda,L-1115,6,Morning
2025-10-14,Molienda,Control-Calidad-Molienda,L-1115,5,Afternoon
2025-10-14,Envasado,Preparacion-Dosificacion,L-1115,3,Afternoon
2025-10-14,Envasado,Sellado-Etiquetado,L-1115,3,Afternoon
2025-10-09,Acondicionamiento,Limpieza,L-1116,6,Afternoon
2025-10-09,Acondicionamiento,Control-Materia-Prima,L-1116,6,Afternoon
2025-10-09,Molienda,Preparacion-Alimentacion-Molinos,L-1116,4,Afternoon
2025-10-09,Molienda,Molienda,L-1116,6,Afternoon
2025-10-09,Molienda,Control-Calidad-Molienda,L-1116,3,Night
2025-10-10,Envasado,Preparacion-Dosificacion,L-1116,2,Night
2025-10-10,Envasado,Sellado-Etiquetado,L-1116,4,Night
2025-10-01,Acondicionamiento,Limpieza,L-1117,3,Night
2025-10-01,Acondicionamiento,Control-Materia-Prima,L-1117,6,Morning
2025-10-01,Molienda,Preparacion-Alimentacion-Molinos,L-1117,4,Morning
2025-10-01,Molienda,Molienda,L-1117,5,Morning
2025-10-01,Molienda,Control-Calidad-Molienda,L-1117,5,Morning
2025-10-01,Envasado,Preparacion-Dosificacion,L-1117,2,Morning
2025-10-01,Envasado,Sellado-Etiquetado,L-1117,1,Afternoon
2025-09-28,Acondicionamiento,Limpieza,L-1118,4,Night
2025-09-28,Acondicionamiento,Control-Materia-Prima,L-1118,6,Night
2025-09-28,Molienda,Preparacion-Alimentacion-Molinos,L-1118,5,Night
2025-09-28,Molienda,Molienda,L-1118,4,Night
2025-09-28,Molienda,Control-Calidad-Molienda,L-1118,5,Morning
2025-09-28,Envasado,Preparacion-Dosificacion,L-1118,4,Morning
2025-09-28,Envasado,Sellado-Etiquetado,L-1118,4,Morning
2025-10-16,Acondicionamiento,Limpieza,L-1119,5,Night
2025-10-16,Acondicionamiento,Control-Materia-Prima,L-1119,2,Night
2025-10-16,Molienda,Preparacion-Alimentacion-Molinos,L-1119,2,Night
2025-10-16,Molienda,Molienda,L-1119,6,Night
2025-10-16,Molienda,Control-Calidad-Molienda,L-1119,2,Night
2025-10-16,Envasado,Preparacion-Dosificacion,L-1119,1,Night
2025-10-16,Envasado,Sellado-Etiquetado,L-1119,1,Morning
2025-10-17,Acondicionamiento,Limpieza,L-1120,4,Night
2025-10-18,Acondicionamiento,Control-Materia-Prima,L-1120,2,Night
2025-10-18,Molienda,Preparacion-Alimentacion-Molinos,L-1120,3,Night
2025-10-18,Molienda,Molienda,L-1120,4,Night
2025-10-18,Molienda,Control-Calidad-Molienda,L-1120,2,Night
2025-10-18,Envasado,Preparacion-Dosificacion,L-1120,4,Night
2025-10-18,Envasado,Sellado-Etiquetado,L-1120,1,Morning
2025-09-30,Acondicionamiento,Limpieza,L-1121,2,Night
2025-09-30,Acondicionamiento,Control-Materia-Prima,L-1121,6,Night
2025-09-30,Molienda,Preparacion-Alimentacion-Molinos,L-1121,2,Night
2025-09-30,Molienda,Molienda,L-1121,5,Night
2025-09-30,Molienda,Control-Calidad-Molienda,L-1121,2,Morning
2025-09-30,Envasado,Preparacion-Dosificacion,L-1121,2,Morning
2025-09-30,Envasado,Sellado-Etiquetado,L-1121,4,Morning
2025-09-30,Acondicionamiento,Limpieza,L-1122,6,Afternoon
2025-09-30,Acondicionamiento,Control-Materia-Prima,L-1122,6,Afternoon
2025-09-30,Molienda,Preparacion-Alimentacion-Molinos,L-1122,5,Afternoon
2025-10-01,Molienda,Molienda,L-1122,6,Night
2025-10-01,Molienda,Control-Calidad-Molienda,L-1122,5,Night
2025-10-01,Envasado,Preparacion-Dosificacion,L-1122,4,Night
2025-10-01,Envasado,Sellado-Etiquetado,L-1122,3,Night
2025-10-13,Acondicionamiento,Limpieza,L-1123,6,Morning
2025-10-13,Acondicionamiento,Control-Materia-Prima,L-1123,3,Morning
2025-10-13,Molienda,Preparacion-Alimentacion-Molinos,L-1123,2,Morning
2025-10-13,Molienda,Molienda,L-1123,3,Morning
2025-10-13,Molienda,Control-Calidad-Molienda,L-1123,5,Afternoon
2025-10-13,Envasado,Preparacion-Dosificacion,L-1123,2,Afternoon
2025-10-13,Envasado,Sellado-Etiquetado,L-1123,2,Afternoon
2025-10-09,Acondicionamiento,Limpieza,L-1124,6,Morning
2025-10-09,Acondicionamiento,Control-Materia-Prima,L-1124,3,Morning
2025-10-09,Molienda,Preparacion-Alimentacion-Molinos,L-1124,3,Morning
2025-10-09,Molienda,Molienda,L-1124,5,Morning
2025-10-09,Molienda,Control-Calidad-Molienda,L-1124,2,Morning
2025-10-09,Envasado,Preparacion-Dosificacion,L-1124,3,Morning
2025-10-09,Envasado,Sellado-Etiquetado,L-1124,4,Morning
2025-10-19,Acondicionamiento,Limpieza,L-1125,4,Afternoon
2025-10-19,Acondicionamiento,Control-Materia-Prima,L-1125,4,Afternoon
2025-10-19,Molienda,Preparacion-Alimentacion-Molinos,L-1125,2,Afternoon
2025-10-19,Molienda,Molienda,L-1125,4,Afternoon
2025-10-19,Molienda,Control-Calidad-Molienda,L-1125,2,Afternoon
2025-10-19,Envasado,Preparacion-Dosificacion,L-1125,1,Afternoon
2025-10-19,Envasado,Sellado-Etiquetado,L-1125,2,Night
2025-10-09,Acondicionamiento,Limpieza,L-1126,4,Afternoon
2025-10-09,Acondicionamiento,Control-Materia-Prima,L-1126,4,Afternoon
2025-10-09,Molienda,Preparacion-Alimentacion-Molinos,L-1126,2,Afternoon
2025-10-09,Molienda,Molienda,L-1126,2,Afternoon
2025-10-09,Molienda,Control-Calidad-Molienda,L-1126,6,Afternoon
2025-10-09,Envasado,Preparacion-Dosificacion,L-1126,1,Night
2025-10-09,Envasado,Sellado-Etiquetado,L-1126,3,Night
2025-10-19,Acondicionamiento,Limpieza,L-1127,5,Night
2025-10-20,Acondicionamiento,Control-Materia-Prima,L-1127,4,Night
2025-10-20,Molienda,Preparacion-Alimentacion-Molinos,L-1127,3,Night
2025-10-20,Molienda,Molienda,L-1127,3,Night
2025-10-20,Molienda,Control-Calidad-Molienda,L-1127,6,Night
2025-10-20,Envasado,Preparacion-Dosificacion,L-1127,2,Night
2025-10-20,Envasado,Sellado-Etiquetado,L-1127,3,Morning
2025-09-23,Acondicionamiento,Limpieza,L-1128,4,Afternoon
2025-09-23,Acondicionamiento,Control-Materia-Prima,L-1128,5,Afternoon
2025-09-23,Molienda,Preparacion-Alimentacion-Molinos,L-1128,6,Afternoon
2025-09-23,Molienda,Molienda,L-1128,3,Night
2025-09-24,Molienda,Control-Calidad-Molienda,L-1128,2,Night
2025-09-24,Envasado,Preparacion-Dosificacion,L-1128,1,Night
2025-09-24,Envasado,Sellado-Etiquetado,L-1128,3,Night
2025-10-06,Acondicionamiento,Limpieza,L-1129,5,Morning
2025-10-06,Acondicionamiento,Control-Materia-Prima,L-1129,5,Afternoon
2025-10-06,Molienda,Preparacion-Alimentacion-Molinos,L-1129,4,Afternoon
2025-10-06,Molienda,Molienda,L-1129,3,Afternoon
2025-10-06,Molienda,Control-Calidad-Molienda,L-1129,5,Afternoon
2025-10-06,Envasado,Preparacion-Dosificacion,L-1129,4,Afternoon
2025-10-06,Envasado,Sellado-Etiquetado,L-1129,3,Afternoon
2025-10-01,Acondicionamiento,Limpieza,L-1130,4,Afternoon
2025-10-01,Acondicionamiento,Control-Materia-Prima,L-1130,5,Afternoon
2025-10-01,Molienda,Preparacion-Alimentacion-Molinos,L-1130,6,Afternoon
2025-10-01,Molienda,Molienda,L-1130,4,Night
2025-10-02,Molienda,Control-Calidad-Molienda,L-1130,3,Night
2025-10-02,Envasado,Preparacion-Dosificacion,L-1130,3,Night
2025-10-02,Envasado,Sellado-Etiquetado,L-1130,2,Night
2025-09-29,Acondicionamiento,Limpieza,L-1131,3,Afternoon
2025-09-29,Acondicionamiento,Control-Materia-Prima,L-1131,6,Afternoon
2025-09-29,Molienda,Preparacion-Alimentacion-Molinos,L-1131,3,Night
2025-09-29,Molienda,Molienda,L-1131,6,Night
2025-09-30,Molienda,Control-Calidad-Molienda,L-1131,3,Night
2025-09-30,Envasado,Preparacion-Dosificacion,L-1131,1,Night
2025-09-30,Envasado,Sellado-Etiquetado,L-1131,1,Night
2025-09-29,Acondicionamiento,Limpieza,L-1132,2,Night
2025-09-29,Acondicionamiento,Control-Materia-Prima,L-1132,4,Night
2025-09-29,Molienda,Preparacion-Alimentacion-Molinos,L-1132,3,Night
2025-09-29,Molienda,Molienda,L-1132,4,Morning
2025-09-29,Molienda,Control-Calidad-Molienda,L-1132,3,Morning
2025-09-29,Envasado,Preparacion-Dosificacion,L-1132,3,Morning
2025-09-29,Envasado,Sellado-Etiquetado,L-1132,3,Morning
2025-10-14,Acondicionamiento,Limpieza,L-1133,4,Afternoon
2025-10-14,Acondicionamiento,Control-Materia-Prima,L-1133,5,Afternoon
2025-10-14,Molienda,Preparacion-Alimentacion-Molinos,L-1133,5,Afternoon
2025-10-14,Molienda,Molienda,L-1133,5,Night
2025-10-15,Molienda,Control-Calidad-Molienda,L-1133,3,Night
2025-10-15,Envasado,Preparacion-Dosificacion,L-1133,4,Night
2025-10-15,Envasado,Sellado-Etiquetado,L-1133,4,Night
2025-10-15,Acondicionamiento,Limpieza,L-1134,3,Morning
2025-10-15,Acondicionamiento,Control-Materia-Prima,L-1134,2,Morning
2025-10-15,Molienda,Preparacion-Alimentacion-Molinos,L-1134,3,Morning
2025-10-15,Molienda,Molienda,L-1134,3,Morning
2025-10-15,Molienda,Control-Calidad-Molienda,L-1134,6,Afternoon
2025-10-15,Envasado,Preparacion-Dosificacion,L-1134,4,Afternoon
2025-10-15,Envasado,Sellado-Etiquetado,L-1134,3,Afternoon
2025-10-01,Acondicionamiento,Limpieza,L-1135,6,Night
2025-10-01,Acondicionamiento,Control-Materia-Prima,L-1135,2,Night
2025-10-01,Molienda,Preparacion-Alimentacion-Molinos,L-1135,2,Night
2025-10-01,Molienda,Molienda,L-1135,6,Night
2025-10-01,Molienda,Control-Calidad-Molienda,L-1135,2,Morning
2025-10-01,Envasado,Preparacion-Dosificacion,L-1135,1,Morning
2025-10-01,Envasado,Sellado-Etiquetado,L-1135,4,Morning
2025-09-24,Acondicionamiento,Limpieza,L-1136,5,Morning
2025-09-24,Acondicionamiento,Control-Materia-Prima,L-1136,4,Afternoon
2025-09-24,Molienda,Preparacion-Alimentacion-Molinos,L-1136,2,Afternoon
2025-09-24,Molienda,Molienda,L-1136,6,Afternoon
2025-09-24,Molienda,Control-Calidad-Molienda,L-1136,4,Afternoon
2025-09-24,Envasado,Preparacion-Dosificacion,L-1136,3,Afternoon
2025-09-24,Envasado,Sellado-Etiquetado,L-1136,4,Afternoon
2025-10-18,Acondicionamiento,Limpieza,L-1137,5,Morning
2025-10-18,Acondicionamiento,Control-Materia-Prima,L-1137,5,Morning
2025-10-18,Molienda,Preparacion-Alimentacion-Molinos,L-1137,4,Afternoon
2025-10-18,Molienda,Molienda,L-1137,3,Afternoon
2025-10-18,Molienda,Control-Calidad-Molienda,L-1137,2,Afternoon
2025-10-18,Envasado,Preparacion-Dosificacion,L-1137,4,Afternoon
2025-10-18,Envasado,Sellado-Etiquetado,L-1137,2,Afternoon
2025-09-25,Acondicionamiento,Limpieza,L-1138,6,Morning
2025-09-25,Acondicionamiento,Control-Materia-Prima,L-1138,3,Afternoon
2025-09-25,Molienda,Preparacion-Alimentacion-Molinos,L-1138,6,Afternoon
2025-09-25,Molienda,Molienda,L-1138,4,Afternoon
2025-09-25,Molienda,Control-Calidad-Molienda,L-1138,5,Afternoon
2025-09-25,Envasado,Preparacion-Dosificacion,L-1138,4,Afternoon
2025-09-25,Envasado,Sellado-Etiquetado,L-1138,2,Afternoon
2025-09-30,Acondicionamiento,Limpieza,L-1139,2,Night
2025-09-30,Acondicionamiento,Control-Materia-Prima,L-1139,4,Morning
2025-09-30,Molienda,Preparacion-Alimentacion-Molinos,L-1139,4,Morning
2025-09-30,Molienda,Molienda,L-1139,3,Morning
2025-09-30,Molienda,Control-Calidad-Molienda,L-1139,5,Morning
2025-09-30,Envasado,Preparacion-Dosificacion,L-1139,1,Morning
2025-09-30,Envasado,Sellado-Etiquetado,L-1139,3,Morning
2025-09-24,Acondicionamiento,Limpieza,L-1140,3,Afternoon
2025-09-24,Acondicionamiento,Control-Materia-Prima,L-1140,3,Afternoon
2025-09-24,Molienda,Preparacion-Alimentacion-Molinos,L-1140,3,Night
2025-09-24,Molienda,Molienda,L-1140,5,Night
2025-09-25,Molienda,Control-Calidad-Molienda,L-1140,6,Night
2025-09-25,Envasado,Preparacion-Dosificacion,L-1140,1,Night
2025-09-25,Envasado,Sellado-Etiquetado,L-1140,2,Night
2025-09-28,Acondicionamiento,Limpieza,L-1141,3,Night
2025-09-29,Acondicionamiento,Control-Materia-Prima,L-1141,5,Night
2025-09-29,Molienda,Preparacion-Alimentacion-Molinos,L-1141,5,Night
2025-09-29,Molienda,Molienda,L-1141,6,Night
2025-09-29,Molienda,Control-Calidad-Molienda,L-1141,5,Night
2025-09-29,Envasado,Preparacion-Dosificacion,L-1141,1,Night
2025-09-29,Envasado,Sellado-Etiquetado,L-1141,1,Morning
2025-10-05,Acondicionamiento,Limpieza,L-1142,3,Night
2025-10-05,Acondicionamiento,Control-Materia-Prima,L-1142,2,Night
2025-10-05,Molienda,Preparacion-Alimentacion-Molinos,L-1142,3,Night
2025-10-05,Molienda,Molienda,L-1142,6,Morning
2025-10-05,Molienda,Control-Calidad-Molienda,L-1142,4,Morning
2025-10-05,Envasado,Preparacion-Dosificacion,L-1142,1,Morning
2025-10-05,Envasado,Sellado-Etiquetado,L-1142,4,Morning
2025-09-28,Acondicionamiento,Limpieza,L-1143,5,Afternoon
2025-09-28,Acondicionamiento,Control-Materia-Prima,L-1143,4,Night
2025-09-28,Molienda,Preparacion-Alimentacion-Molinos,L-1143,2,Night
2025-09-29,Molienda,Molienda,L-1143,5,Night
2025-09-29,Molienda,Control-Calidad-Molienda,L-1143,2,Night
2025-09-29,Envasado,Preparacion-Dosificacion,L-1143,4,Night
2025-09-29,Envasado,Sellado-Etiquetado,L-1143,4,Night
2025-10-19,Acondicionamiento,Limpieza,L-1144,2,Morning
2025-10-19,Acondicionamiento,Control-Materia-Prima,L-1144,5,Morning
2025-10-19,Molienda,Preparacion-Alimentacion-Molinos,L-1144,3,Afternoon
2025-10-19,Molienda,Molienda,L-1144,4,Afternoon
2025-10-19,Molienda,Control-Calidad-Molienda,L-1144,5,Afternoon
2025-10-19,Envasado,Preparacion-Dosificacion,L-1144,4,Afternoon
2025-10-19,Envasado,Sellado-Etiquetado,L-1144,2,Afternoon
2025-10-17,Acondicionamiento,Limpieza,L-1145,3,Afternoon
2025-10-17,Acondicionamiento,Control-Materia-Prima,L-1145,6,Afternoon
2025-10-17,Molienda,Preparacion-Alimentacion-Molinos,L-1145,6,Afternoon
2025-10-17,Molienda,Molienda,L-1145,2,Afternoon
2025-10-17,Molienda,Control-Calidad-Molienda,L-1145,4,Afternoon
2025-10-17,Envasado,Preparacion-Dosificacion,L-1145,3,Afternoon
2025-10-17,Envasado,Sellado-Etiquetado,L-1145,1,Night
2025-10-17,Acondicionamiento,Limpieza,L-1146,5,Night
2025-10-18,Acondicionamiento,Control-Materia-Prima,L-1146,5,Night
2025-10-18,Molienda,Preparacion-Alimentacion-Molinos,L-1146,2,Night
2025-10-18,Molienda,Molienda,L-1146,2,Night
2025-10-18,Molienda,Control-Calidad-Molienda,L-1146,3,Morning
2025-10-18,Envasado,Preparacion-Dosificacion,L-1146,4,Morning
2025-10-18,Envasado,Sellado-Etiquetado,L-1146,4,Morning
2025-10-16,Acondicionamiento,Limpieza,L-1147,6,Night
2025-10-16,Acondicionamiento,Control-Materia-Prima,L-1147,2,Night
2025-10-16,Molienda,Preparacion-Alimentacion-Molinos,L-1147,2,Morning
2025-10-16,Molienda,Molienda,L-1147,3,Morning
2025-10-16,Molienda,Control-Calidad-Molienda,L-1147,6,Morning
2025-10-16,Envasado,Preparacion-Dosificacion,L-1147,4,Morning
2025-10-16,Envasado,Sellado-Etiquetado,L-1147,2,Morning
2025-09-27,Acondicionamiento,Limpieza,L-1148,2,Morning
2025-09-27,Acondicionamiento,Control-Materia-Prima,L-1148,3,Afternoon
2025-09-27,Molienda,Preparacion-Alimentacion-Molinos,L-1148,5,Afternoon
2025-09-27,Molienda,Molienda,L-1148,2,Afternoon
2025-09-27,Molienda,Control-Calidad-Molienda,L-1148,6,Afternoon
2025-09-27,Envasado,Preparacion-Dosificacion,L-1148,1,Afternoon
2025-09-27,Envasado,Sellado-Etiquetado,L-1148,1,Afternoon
2025-09-28,Acondicionamiento,Limpieza,L-1149,6,Morning
2025-09-28,Acondicionamiento,Control-Materia-Prima,L-1149,3,Morning
2025-09-28,Molienda,Preparacion-Alimentacion-Molinos,L-1149,4,Morning
2025-09-28,Molienda,Molienda,L-1149,4,Morning
2025-09-28,Molienda,Control-Calidad-Molienda,L-1149,5,Afternoon
2025-09-28,Envasado,Preparacion-Dosificacion,L-1149,1,Afternoon
2025-09-28,Envasado,Sellado-Etiquetado,L-1149,2,Afternoon
2025-09-26,Acondicionamiento,Limpieza,L-1150,6,Morning
2025-09-26,Acondicionamiento,Control-Materia-Prima,L-1150,6,Morning
2025-09-26,Molienda,Preparacion-Alimentacion-Molinos,L-1150,6,Morning
2025-09-26,Molienda,Molienda,L-1150,4,Afternoon
2025-09-26,Molienda,Control-Calidad-Molienda,L-1150,2,Afternoon
2025-09-26,Envasado,Preparacion-Dosificacion,L-1150,1,Afternoon
2025-09-26,Envasado,Sellado-Etiquetado,L-1150,1,Afternoon
2025-10-18,Acondicionamiento,Limpieza,L-1151,2,Night
2025-10-18,Acondicionamiento,Control-Materia-Prima,L-1151,2,Morning
2025-10-18,Molienda,Preparacion-Alimentacion-Molinos,L-1151,6,Morning
2025-10-18,Molienda,Molienda,L-1151,4,Morning
2025-10-18,Molienda,Control-Calidad-Molienda,L-1151,3,Morning
2025-10-18,Envasado,Preparacion-Dosificacion,L-1151,1,Morning
2025-10-18,Envasado,Sellado-Etiquetado,L-1151,4,Morning
2025-10-10,Acondicionamiento,Limpieza,L-1152,4,Morning
2025-10-10,Acondicionamiento,Control-Materia-Prima,L-1152,3,Morning
2025-10-10,Molienda,Preparacion-Alimentacion-Molinos,L-1152,6,Morning
2025-10-10,Molienda,Molienda,L-1152,2,Morning
2025-10-10,Molienda,Control-Calidad-Molienda,L-1152,6,Afternoon
2025-10-10,Envasado,Preparacion-Dosificacion,L-1152,4,Afternoon
2025-10-10,Envasado,Sellado-Etiquetado,L-1152,4,Afternoon
2025-09-29,Acondicionamiento,Limpieza,L-1153,4,Night
2025-09-29,Acondicionamiento,Control-Materia-Prima,L-1153,3,Night
2025-09-29,Molienda,Preparacion-Alimentacion-Molinos,L-1153,6,Morning
2025-09-29,Molienda,Molienda,L-1153,2,Morning
2025-09-29,Molienda,Control-Calidad-Molienda,L-1153,4,Morning
2025-09-29,Envasado,Preparacion-Dosificacion,L-1153,1,Morning
2025-09-29,Envasado,Sellado-Etiquetado,L-1153,1,Morning
2025-10-02,Acondicionamiento,Limpieza,L-1154,6,Night
2025-10-03,Acondicionamiento,Control-Materia-Prima,L-1154,2,Night
2025-10-03,Molienda,Preparacion-Alimentacion-Molinos,L-1154,6,Night
2025-10-03,Molienda,Molienda,L-1154,2,Night
2025-10-03,Molienda,Control-Calidad-Molienda,L-1154,2,Night
2025-10-03,Envasado,Preparacion-Dosificacion,L-1154,2,Morning
2025-10-03,Envasado,Sellado-Etiquetado,L-1154,1,Morning
2025-09-26,Acondicionamiento,Limpieza,L-1155,2,Morning
2025-09-26,Acondicionamiento,Control-Materia-Prima,L-1155,3,Morning
2025-09-26,Molienda,Preparacion-Alimentacion-Molinos,L-1155,6,Morning
2025-09-26,Molienda,Molienda,L-1155,5,Morning
2025-09-26,Molienda,Control-Calidad-Molienda,L-1155,6,Morning
2025-09-26,Envasado,Preparacion-Dosificacion,L-1155,3,Afternoon
2025-09-26,Envasado,Sellado-Etiquetado,L-1155,3,Afternoon
2025-10-03,Acondicionamiento,Limpieza,L-1156,4,Night
2025-10-03,Acondicionamiento,Control-Materia-Prima,L-1156,5,Morning
2025-10-03,Molienda,Preparacion-Alimentacion-Molinos,L-1156,6,Morning
2025-10-03,Molienda,Molienda,L-1156,5,Morning
2025-10-03,Molienda,Control-Calidad-Molienda,L-1156,5,Morning
2025-10-03,Envasado,Preparacion-Dosificacion,L-1156,1,Morning
2025-10-03,Envasado,Sellado-Etiquetado,L-1156,1,Morning
2025-10-06,Acondicionamiento,Limpieza,L-1157,3,Morning
2025-10-06,Acondicionamiento,Control-Materia-Prima,L-1157,6,Morning
2025-10-06,Molienda,Preparacion-Alimentacion-Molinos,L-1157,3,Morning
2025-10-06,Molienda,Molienda,L-1157,3,Morning
2025-10-06,Molienda,Control-Calidad-Molienda,L-1157,4,Afternoon
2025-10-06,Envasado,Preparacion-Dosificacion,L-1157,3,Afternoon
2025-10-06,Envasado,Sellado-Etiquetado,L-1157,3,Afternoon
2025-10-12,Acondicionamiento,Limpieza,L-1158,2,Night
2025-10-12,Acondicionamiento,Control-Materia-Prima,L-1158,6,Night
2025-10-12,Molienda,Preparacion-Alimentacion-Molinos,L-1158,2,Morning
2025-10-12,Molienda,Molienda,L-1158,2,Morning
2025-10-12,Molienda,Control-Calidad-Molienda,L-1158,5,Morning
2025-10-12,Envasado,Preparacion-Dosificacion,L-1158,4,Morning
2025-10-12,Envasado,Sellado-Etiquetado,L-1158,1,Morning
2025-10-07,Acondicionamiento,Limpieza,L-1159,6,Afternoon
2025-10-07,Acondicionamiento,Control-Materia-Prima,L-1159,5,Night
2025-10-07,Molienda,Preparacion-Alimentacion-Molinos,L-1159,5,Night
2025-10-08,Molienda,Molienda,L-1159,5,Night
2025-10-08,Molienda,Control-Calidad-Molienda,L-1159,3,Night
2025-10-08,Envasado,Preparacion-Dosificacion,L-1159,4,Morning
2025-10-08,Envasado,Sellado-Etiquetado,L-1159,3,Morning
2025-10-20,Acondicionamiento,Limpieza,L-1160,4,Night
2025-10-20,Acondicionamiento,Control-Materia-Prima,L-1160,6,Night
2025-10-20,Molienda,Preparacion-Alimentacion-Molinos,L-1160,3,Morning
2025-10-20,Molienda,Molienda,L-1160,6,Morning
2025-10-20,Molienda,Control-Calidad-Molienda,L-1160,5,Morning
2025-10-20,Envasado,Preparacion-Dosificacion,L-1160,2,Morning
2025-10-20,Envasado,Sellado-Etiquetado,L-1160,4,Morning
2025-10-11,Acondicionamiento,Limpieza,L-1161,4,Afternoon
2025-10-11,Acondicionamiento,Control-Materia-Prima,L-1161,2,Afternoon
2025-10-11,Molienda,Preparacion-Alimentacion-Molinos,L-1161,3,Afternoon
2025-10-11,Molienda,Molienda,L-1161,2,Night
2025-10-12,Molienda,Control-Calidad-Molienda,L-1161,6,Night
2025-10-12,Envasado,Preparacion-Dosificacion,L-1161,2,Night
2025-10-12,Envasado,Sellado-Etiquetado,L-1161,2,Night
2025-10-17,Acondicionamiento,Limpieza,L-1162,4,Night
2025-10-18,Acondicionamiento,Control-Materia-Prima,L-1162,6,Night
2025-10-18,Molienda,Preparacion-Alimentacion-Molinos,L-1162,4,Night
2025-10-18,Molienda,Molienda,L-1162,5,Night
2025-10-18,Molienda,Control-Calidad-Molienda,L-1162,3,Night
2025-10-18,Envasado,Preparacion-Dosificacion,L-1162,2,Morning
2025-10-18,Envasado,Sellado-Etiquetado,L-1162,4,Morning
2025-10-09,Acondicionamiento,Limpieza,L-1163,4,Afternoon
2025-10-09,Acondicionamiento,Control-Materia-Prima,L-1163,4,Afternoon
2025-10-09,Molienda,Preparacion-Alimentacion-Molinos,L-1163,4,Afternoon
2025-10-09,Molienda,Molienda,L-1163,3,Afternoon
2025-10-09,Molienda,Control-Calidad-Molienda,L-1163,3,Afternoon
2025-10-09,Envasado,Preparacion-Dosificacion,L-1163,3,Night
2025-10-10,Envasado,Sellado-Etiquetado,L-1163,2,Night
2025-10-11,Acondicionamiento,Limpieza,L-1164,6,Afternoon
2025-10-11,Acondicionamiento,Control-Materia-Prima,L-1164,5,Afternoon
2025-10-11,Molienda,Preparacion-Alimentacion-Molinos,L-1164,2,Afternoon
2025-10-11,Molienda,Molienda,L-1164,4,Afternoon
2025-10-11,Molienda,Control-Calidad-Molienda,L-1164,6,Night
2025-10-12,Envasado,Preparacion-Dosificacion,L-1164,3,Night
2025-10-12,Envasado,Sellado-Etiquetado,L-1164,4,Night
2025-10-11,Acondicionamiento,Limpieza,L-1165,4,Morning
2025-10-11,Acondicionamiento,Control-Materia-Prima,L-1165,6,Morning
2025-10-11,Molienda,Preparacion-Alimentacion-Molinos,L-1165,6,Morning
2025-10-11,Molienda,Molienda,L-1165,5,Morning
2025-10-11,Molienda,Control-Calidad-Molienda,L-1165,3,Afternoon
2025-10-11,Envasado,Preparacion-Dosificacion,L-1165,2,Afternoon
2025-10-11,Envasado,Sellado-Etiquetado,L-1165,2,Afternoon
2025-09-26,Acondicionamiento,Limpieza,L-1166,6,Morning
2025-09-26,Acondicionamiento,Control-Materia-Prima,L-1166,4,Afternoon
2025-09-26,Molienda,Preparacion-Alimentacion-Molinos,L-1166,6,Afternoon
2025-09-26,Molienda,Molienda,L-1166,2,Afternoon
2025-09-26,Molienda,Control-Calidad-Molienda,L-1166,2,Afternoon
2025-09-26,Envasado,Preparacion-Dosificacion,L-1166,3,Afternoon
2025-09-26,Envasado,Sellado-Etiquetado,L-1166,2,Afternoon
2025-10-03,Acondicionamiento,Limpieza,L-1167,5,Night
2025-10-03,Acondicionamiento,Control-Materia-Prima,L-1167,3,Night
2025-10-03,Molienda,Preparacion-Alimentacion-Molinos,L-1167,5,Night
2025-10-03,Molienda,Molienda,L-1167,6,Night
2025-10-03,Molienda,Control-Calidad-Molienda,L-1167,5,Morning
2025-10-03,Envasado,Preparacion-Dosificacion,L-1167,4,Morning
2025-10-03,Envasado,Sellado-Etiquetado,L-1167,3,Morning
2025-09-26,Acondicionamiento,Limpieza,L-1168,3,Night
2025-09-26,Acondicionamiento,Control-Materia-Prima,L-1168,2,Night
2025-09-26,Molienda,Preparacion-Alimentacion-Molinos,L-1168,3,Night
2025-09-26,Molienda,Molienda,L-1168,6,Night
2025-09-26,Molienda,Control-Calidad-Molienda,L-1168,3,Night
2025-09-26,Envasado,Preparacion-Dosificacion,L-1168,3,Night
2025-09-26,Envasado,Sellado-Etiquetado,L-1168,1,Morning
2025-10-18,Acondicionamiento,Limpieza,L-1169,5,Night
2025-10-18,Acondicionamiento,Control-Materia-Prima,L-1169,4,Night
2025-10-18,Molienda,Preparacion-Alimentacion-Molinos,L-1169,3,Night
2025-10-18,Molienda,Molienda,L-1169,2,Night
2025-10-18,Molienda,Control-Calidad-Molienda,L-1169,3,Morning
2025-10-18,Envasado,Preparacion-Dosificacion,L-1169,4,Morning
2025-10-18,Envasado,Sellado-Etiquetado,L-1169,4,Morning
2025-10-06,Acondicionamiento,Limpieza,L-1170,3,Afternoon
2025-10-06,Acondicionamiento,Control-Materia-Prima,L-1170,5,Afternoon
2025-10-06,Molienda,Preparacion-Alimentacion-Molinos,L-1170,3,Afternoon
2025-10-06,Molienda,Molienda,L-1170,3,Afternoon
2025-10-06,Molienda,Control-Calidad-Molienda,L-1170,3,Night
2025-10-07,Envasado,Preparacion-Dosificacion,L-1170,4,Night
2025-10-07,Envasado,Sellado-Etiquetado,L-1170,4,Night
2025-10-21,Acondicionamiento,Limpieza,L-1171,4,Morning
2025-10-21,Acondicionamiento,Control-Materia-Prima,L-1171,4,Morning
2025-10-21,Molienda,Preparacion-Alimentacion-Molinos,L-1171,3,Morning
2025-10-21,Molienda,Molienda,L-1171,5,Morning
2025-10-21,Molienda,Control-Calidad-Molienda,L-1171,2,Morning
2025-10-21,Envasado,Preparacion-Dosificacion,L-1171,3,Afternoon
2025-10-21,Envasado,Sellado-Etiquetado,L-1171,4,Afternoon
2025-10-04,Acondicionamiento,Limpieza,L-1172,2,Afternoon
2025-10-04,Acondicionamiento,Control-Materia-Prima,L-1172,6,Afternoon
2025-10-04,Molienda,Preparacion-Alimentacion-Molinos,L-1172,5,Night
2025-10-05,Molienda,Molienda,L-1172,5,Night
2025-10-05,Molienda,Control-Calidad-Molienda,L-1172,6,Night
2025-10-05,Envasado,Preparacion-Dosificacion,L-1172,3,Night
2025-10-05,Envasado,Sellado-Etiquetado,L-1172,3,Night
2025-10-01,Acondicionamiento,Limpieza,L-1173,5,Morning
2025-10-01,Acondicionamiento,Control-Materia-Prima,L-1173,6,Morning
2025-10-01,Molienda,Preparacion-Alimentacion-Molinos,L-1173,4,Morning
2025-10-01,Molienda,Molienda,L-1173,3,Morning
2025-10-01,Molienda,Control-Calidad-Molienda,L-1173,2,Morning
2025-10-01,Envasado,Preparacion-Dosificacion,L-1173,1,Morning
2025-10-01,Envasado,Sellado-Etiquetado,L-1173,4,Morning
2025-10-08,Acondicionamiento,Limpieza,L-1174,4,Night
2025-10-09,Acondicionamiento,Control-Materia-Prima,L-1174,2,Night
2025-10-09,Molienda,Preparacion-Alimentacion-Molinos,L-1174,3,Night
2025-10-09,Molienda,Molienda,L-1174,6,Night
2025-10-09,Molienda,Control-Calidad-Molienda,L-1174,4,Night
2025-10-09,Envasado,Preparacion-Dosificacion,L-1174,4,Night
2025-10-09,Envasado,Sellado-Etiquetado,L-1174,4,Night
2025-09-28,Acondicionamiento,Limpieza,L-1175,6,Night
2025-09-28,Acondicionamiento,Control-Materia-Prima,L-1175,6,Night
2025-09-28,Molienda,Preparacion-Alimentacion-Molinos,L-1175,3,Morning
2025-09-28,Molienda,Molienda,L-1175,2,Morning
2025-09-28,Molienda,Control-Calidad-Molienda,L-1175,2,Morning
2025-09-28,Envasado,Preparacion-Dosificacion,L-1175,3,Morning
2025-09-28,Envasado,Sellado-Etiquetado,L-1175,4,Morning
2025-10-19,Acondicionamiento,Limpieza,L-1176,4,Night
2025-10-19,Acondicionamiento,Control-Materia-Prima,L-1176,3,Night
2025-10-19,Molienda,Preparacion-Alimentacion-Molinos,L-1176,6,Morning
2025-10-19,Molienda,Molienda,L-1176,3,Morning
2025-10-19,Molienda,Control-Calidad-Molienda,L-1176,3,Morning
2025-10-19,Envasado,Preparacion-Dosificacion,L-1176,1,Morning
2025-10-19,Envasado,Sellado-Etiquetado,L-1176,4,Afternoon
2025-10-03,Acondicionamiento,Limpieza,L-1177,3,Morning
2025-10-03,Acondicionamiento,Control-Materia-Prima,L-1177,3,Morning
2025-10-03,Molienda,Preparacion-Alimentacion-Molinos,L-1177,6,Morning
2025-10-03,Molienda,Molienda,L-1177,5,Afternoon
2025-10-03,Molienda,Control-Calidad-Molienda,L-1177,3,Afternoon
2025-10-03,Envasado,Preparacion-Dosificacion,L-1177,3,Afternoon
2025-10-03,Envasado,Sellado-Etiquetado,L-1177,2,Afternoon
2025-09-24,Acondicionamiento,Limpieza,L-1178,3,Night
2025-09-24,Acondicionamiento,Control-Materia-Prima,L-1178,3,Night
2025-09-24,Molienda,Preparacion-Alimentacion-Molinos,L-1178,3,Night
2025-09-24,Molienda,Molienda,L-1178,3,Night
2025-09-24,Molienda,Control-Calidad-Molienda,L-1178,2,Morning
2025-09-24,Envasado,Preparacion-Dosificacion,L-1178,1,Morning
2025-09-24,Envasado,Sellado-Etiquetado,L-1178,4,Morning
2025-09-27,Acondicionamiento,Limpieza,L-1179,2,Night
2025-09-27,Acondicionamiento,Control-Materia-Prima,L-1179,2,Night
2025-09-28,Molienda,Preparacion-Alimentacion-Molinos,L-1179,2,Night
2025-09-28,Molienda,Molienda,L-1179,6,Night
2025-09-28,Molienda,Control-Calidad-Molienda,L-1179,3,Night
2025-09-28,Envasado,Preparacion-Dosificacion,L-1179,3,Night
2025-09-28,Envasado,Sellado-Etiquetado,L-1179,3,Night
2025-10-17,Acondicionamiento,Limpieza,L-1180,4,Night
2025-10-17,Acondicionamiento,Control-Materia-Prima,L-1180,4,Night
2025-10-18,Molienda,Preparacion-Alimentacion-Molinos,L-1180,4,Night
2025-10-18,Molienda,Molienda,L-1180,5,Night
2025-10-18,Molienda,Control-Calidad-Molienda,L-1180,6,Night
2025-10-18,Envasado,Preparacion-Dosificacion,L-1180,2,Night
2025-10-18,Envasado,Sellado-Etiquetado,L-1180,2,Morning
2025-10-05,Acondicionamiento,Limpieza,L-1181,4,Night
2025-10-05,Acondicionamiento,Control-Materia-Prima,L-1181,5,Night
2025-10-06,Molienda,Preparacion-Alimentacion-Molinos,L-1181,2,Night
2025-10-06,Molienda,Molienda,L-1181,2,Night
2025-10-06,Molienda,Control-Calidad-Molienda,L-1181,6,Night
2025-10-06,Envasado,Preparacion-Dosificacion,L-1181,1,Night
2025-10-06,Envasado,Sellado-Etiquetado,L-1181,3,Morning
2025-10-04,Acondicionamiento,Limpieza,L-1182,4,Night
2025-10-05,Acondicionamiento,Control-Materia-Prima,L-1182,3,Night
2025-10-05,Molienda,Preparacion-Alimentacion-Molinos,L-1182,2,Night
2025-10-05,Molienda,Molienda,L-1182,6,Night
2025-10-05,Molienda,Control-Calidad-Molienda,L-1182,3,Night
2025-10-05,Envasado,Preparacion-Dosificacion,L-1182,1,Morning
2025-10-05,Envasado,Sellado-Etiquetado,L-1182,1,Morning
2025-10-14,Acondicionamiento,Limpieza,L-1183,3,Night
2025-10-14,Acondicionamiento,Control-Materia-Prima,L-1183,2,Night
2025-10-14,Molienda,Preparacion-Alimentacion-Molinos,L-1183,4,Night
2025-10-14,Molienda,Molienda,L-1183,4,Night
2025-10-14,Molienda,Control-Calidad-Molienda,L-1183,2,Morning
2025-10-14,Envasado,Preparacion-Dosificacion,L-1183,2,Morning
2025-10-14,Envasado,Sellado-Etiquetado,L-1183,1,Morning
2025-09-23,Acondicionamiento,Limpieza,L-1184,4,Night
2025-09-23,Acondicionamiento,Control-Materia-Prima,L-1184,3,Night
2025-09-24,Molienda,Preparacion-Alimentacion-Molinos,L-1184,3,Night
2025-09-24,Molienda,Molienda,L-1184,3,Night
2025-09-24,Molienda,Control-Calidad-Molienda,L-1184,5,Night
2025-09-24,Envasado,Preparacion-Dosificacion,L-1184,4,Night
2025-09-24,Envasado,Sellado-Etiquetado,L-1184,1,Night
2025-10-04,Acondicionamiento,Limpieza,L-1185,2,Morning
2025-10-04,Acondicionamiento,Control-Materia-Prima,L-1185,4,Morning
2025-10-04,Molienda,Preparacion-Alimentacion-Molinos,L-1185,2,Morning
2025-10-04,Molienda,Molienda,L-1185,3,Morning
2025-10-04,Molienda,Control-Calidad-Molienda,L-1185,2,Afternoon
2025-10-04,Envasado,Preparacion-Dosificacion,L-1185,3,Afternoon
2025-10-04,Envasado,Sellado-Etiquetado,L-1185,3,Afternoon
2025-10-12,Acondicionamiento,Limpieza,L-1186,4,Afternoon
2025-10-12,Acondicionamiento,Control-Materia-Prima,L-1186,2,Afternoon
2025-10-12,Molienda,Preparacion-Alimentacion-Molinos,L-1186,4,Afternoon
2025-10-12,Molienda,Molienda,L-1186,6,Afternoon
2025-10-12,Molienda,Control-Calidad-Molienda,L-1186,2,Night
2025-10-12,Envasado,Preparacion-Dosificacion,L-1186,3,Night
2025-10-12,Envasado,Sellado-Etiquetado,L-1186,1,Night
2025-10-02,Acondicionamiento,Limpieza,L-1187,4,Morning
2025-10-02,Acondicionamiento,Control-Materia-Prima,L-1187,5,Morning
2025-10-02,Molienda,Preparacion-Alimentacion-Molinos,L-1187,2,Morning
2025-10-02,Molienda,Molienda,L-1187,5,Morning
2025-10-02,Molienda,Control-Calidad-Molienda,L-1187,5,Afternoon
2025-10-02,Envasado,Preparacion-Dosificacion,L-1187,1,Afternoon
2025-10-02,Envasado,Sellado-Etiquetado,L-1187,3,Afternoon
2025-09-29,Acondicionamiento,Limpieza,L-1188,3,Night
2025-09-29,Acondicionamiento,Control-Materia-Prima,L-1188,4,Night
2025-09-29,Molienda,Preparacion-Alimentacion-Molinos,L-1188,6,Night
2025-09-29,Molienda,Molienda,L-1188,4,Night
2025-09-29,Molienda,Control-Calidad-Molienda,L-1188,5,Morning
2025-09-29,Envasado,Preparacion-Dosificacion,L-1188,2,Morning
2025-09-29,Envasado,Sellado-Etiquetado,L-1188,4,Morning
2025-09-30,Acondicionamiento,Limpieza,L-1189,5,Morning
2025-09-30,Acondicionamiento,Control-Materia-Prima,L-1189,5,Morning
2025-09-30,Molienda,Preparacion-Alimentacion-Molinos,L-1189,2,Morning
2025-09-30,Molienda,Molienda,L-1189,5,Morning
2025-09-30,Molienda,Control-Calidad-Molienda,L-1189,2,Afternoon
2025-09-30,Envasado,Preparacion-Dosificacion,L-1189,1,Afternoon
2025-09-30,Envasado,Sellado-Etiquetado,L-1189,4,Afternoon
2025-10-01,Acondicionamiento,Limpieza,L-1190,4,Night
2025-10-01,Acondicionamiento,Control-Materia-Prima,L-1190,5,Night
2025-10-01,Molienda,Preparacion-Alimentacion-Molinos,L-1190,4,Night
2025-10-01,Molienda,Molienda,L-1190,5,Night
2025-10-01,Molienda,Control-Calidad-Molienda,L-1190,2,Morning
2025-10-01,Envasado,Preparacion-Dosificacion,L-1190,4,Morning
2025-10-01,Envasado,Sellado-Etiquetado,L-1190,3,Morning
2025-10-06,Acondicionamiento,Limpieza,L-1191,2,Afternoon
2025-10-06,Acondicionamiento,Control-Materia-Prima,L-1191,4,Afternoon
2025-10-06,Molienda,Preparacion-Alimentacion-Molinos,L-1191,4,Afternoon
2025-10-06,Molienda,Molienda,L-1191,4,Afternoon
2025-10-06,Molienda,Control-Calidad-Molienda,L-1191,3,Afternoon
2025-10-06,Envasado,Preparacion-Dosificacion,L-1191,2,Night
2025-10-06,Envasado,Sellado-Etiquetado,L-1191,1,Night
2025-10-10,Acondicionamiento,Limpieza,L-1192,2,Night
2025-10-10,Acondicionamiento,Control-Materia-Prima,L-1192,6,Night
2025-10-10,Molienda,Preparacion-Alimentacion-Molinos,L-1192,3,Night
2025-10-10,Molienda,Molienda,L-1192,5,Night
2025-10-10,Molienda,Control-Calidad-Molienda,L-1192,3,Morning
2025-10-10,Envasado,Preparacion-Dosificacion,L-1192,3,Morning
2025-10-10,Envasado,Sellado-Etiquetado,L-1192,3,Morning
2025-09-30,Acondicionamiento,Limpieza,L-1193,5,Afternoon
2025-09-30,Acondicionamiento,Control-Materia-Prima,L-1193,6,Afternoon
2025-09-30,Molienda,Preparacion-Alimentacion-Molinos,L-1193,3,Afternoon
2025-09-30,Molienda,Molienda,L-1193,6,Afternoon
2025-09-30,Molienda,Control-Calidad-Molienda,L-1193,3,Night
2025-10-01,Envasado,Preparacion-Dosificacion,L-1193,1,Night
2025-10-01,Envasado,Sellado-Etiquetado,L-1193,1,Night
2025-10-07,Acondicionamiento,Limpieza,L-1194,2,Afternoon
2025-10-07,Acondicionamiento,Control-Materia-Prima,L-1194,2,Afternoon
2025-10-07,Molienda,Preparacion-Alimentacion-Molinos,L-1194,5,Afternoon
2025-10-07,Molienda,Molienda,L-1194,6,Afternoon
2025-10-07,Molienda,Control-Calidad-Molienda,L-1194,2,Night
2025-10-07,Envasado,Preparacion-Dosificacion,L-1194,2,Night
2025-10-08,Envasado,Sellado-Etiquetado,L-1194,3,Night
2025-09-29,Acondicionamiento,Limpieza,L-1195,5,Afternoon
2025-09-29,Acondicionamiento,Control-Materia-Prima,L-1195,5,Afternoon
2025-09-29,Molienda,Preparacion-Alimentacion-Molinos,L-1195,2,Afternoon
2025-09-29,Molienda,Molienda,L-1195,4,Afternoon
2025-09-29,Molienda,Control-Calidad-Molienda,L-1195,4,Afternoon
2025-09-29,Envasado,Preparacion-Dosificacion,L-1195,4,Afternoon
2025-09-29,Envasado,Sellado-Etiquetado,L-1195,3,Afternoon
2025-09-27,Acondicionamiento,Limpieza,L-1196,2,Morning
2025-09-27,Acondicionamiento,Control-Materia-Prima,L-1196,2,Morning
2025-09-27,Molienda,Preparacion-Alimentacion-Molinos,L-1196,5,Morning
2025-09-27,Molienda,Molienda,L-1196,2,Morning
2025-09-27,Molienda,Control-Calidad-Molienda,L-1196,6,Afternoon
2025-09-27,Envasado,Preparacion-Dosificacion,L-1196,2,Afternoon
2025-09-27,Envasado,Sellado-Etiquetado,L-1196,1,Afternoon
2025-10-10,Acondicionamiento,Limpieza,L-1197,5,Night
2025-10-10,Acondicionamiento,Control-Materia-Prima,L-1197,2,Night
2025-10-10,Molienda,Preparacion-Alimentacion-Molinos,L-1197,2,Night
2025-10-10,Molienda,Molienda,L-1197,3,Night
2025-10-10,Molienda,Control-Calidad-Molienda,L-1197,6,Morning
2025-10-10,Envasado,Preparacion-Dosificacion,L-1197,2,Morning
2025-10-10,Envasado,Sellado-Etiquetado,L-1197,4,Morning
2025-10-08,Acondicionamiento,Limpieza,L-1198,2,Night
2025-10-08,Acondicionamiento,Control-Materia-Prima,L-1198,6,Night
2025-10-08,Molienda,Preparacion-Alimentacion-Molinos,L-1198,6,Night
2025-10-08,Molienda,Molienda,L-1198,5,Night
2025-10-08,Molienda,Control-Calidad-Molienda,L-1198,5,Morning
2025-10-08,Envasado,Preparacion-Dosificacion,L-1198,2,Morning
2025-10-08,Envasado,Sellado-Etiquetado,L-1198,3,Morning
2025-09-28,Acondicionamiento,Limpieza,L-1199,5,Night
2025-09-28,Acondicionamiento,Control-Materia-Prima,L-1199,6,Night
2025-09-28,Molienda,Preparacion-Alimentacion-Molinos,L-1199,3,Morning
2025-09-28,Molienda,Molienda,L-1199,5,Morning
2025-09-28,Molienda,Control-Calidad-Molienda,L-1199,4,Morning
2025-09-28,Envasado,Preparacion-Dosificacion,L-1199,2,Morning
2025-09-28,Envasado,Sellado-Etiquetado,L-1199,3,Morning
2025-10-01,Acondicionamiento,Limpieza,L-1200,3,Morning
2025-10-01,Acondicionamiento,Control-Materia-Prima,L-1200,3,Morning
2025-10-01,Molienda,Preparacion-Alimentacion-Molinos,L-1200,3,Morning
2025-10-01,Molienda,Molienda,L-1200,3,Morning
2025-10-01,Molienda,Control-Calidad-Molienda,L-1200,6,Afternoon
2025-10-01,Envasado,Preparacion-Dosificacion,L-1200,2,Afternoon
2025-10-01,Envasado,Sellado-Etiquetado,L-1200,2,Afternoon
